num_trabajador,nombre_horario,descripcion_horario,lunes_entrada_1,lunes_salida_1,lunes_entrada_2,lunes_salida_2,martes_entrada_1,martes_salida_1,martes_entrada_2,martes_salida_2,miercoles_entrada_1,miercoles_salida_1,miercoles_entrada_2,miercoles_salida_2,jueves_entrada_1,jueves_salida_1,jueves_entrada_2,jueves_salida_2,viernes_entrada_1,viernes_salida_1,viernes_entrada_2,viernes_salida_2,sabado_entrada_1,sabado_salida_1,sabado_entrada_2,sabado_salida_2,domingo_entrada_1,domingo_salida_1,domingo_entrada_2,domingo_salida_2,fecha_inicio_asignacion,fecha_fin_asignacion,semestre
1,LMXJV 10-15 y 17-20,Lunes a Viernes 10:00-15:00 y 17:00-20:00,10:00,15:00,17:00,20:00,10:00,15:00,17:00,20:00,10:00,15:00,17:00,20:00,10:00,15:00,17:00,20:00,10:00,15:00,17:00,20:00,,,,,,,,,25/08/25,19/12/25,AGOSTO_DICIEMBRE_2025
27,LM 09-17 | X 08-16 | J 10-18 | V 11-19,"Lunes a Martes 09:00-17:00, Mi√©rcoles 08:00-16:00, Jueves 10:00-18:00, Viernes 11:00-19:00",9:00,17:00,,,9:00,17:00,,,8:00,16:00,,,10:00,18:00,,,11:00,19:00,,,,,,,,,,,25/08/25,19/12/25,AGOSTO_DICIEMBRE_2025
37,LMXJV 09-17,Lunes a Viernes 09:00-17:00,9:00,17:00,,,9:00,17:00,,,9:00,17:00,,,9:00,17:00,,,9:00,17:00,,,,,,,,,,,25/08/25,19/12/25,AGOSTO_DICIEMBRE_2025
57,LMXJV 10-18,Lunes a Viernes 10:00-18:00,10:00,18:00,,,10:00,18:00,,,10:00,18:00,,,10:00,18:00,,,10:00,18:00,,,,,,,,,,,25/08/25,19/12/25,AGOSTO_DICIEMBRE_2025
68,LMXJV 10-18,Lunes a Viernes 10:00-18:00,10:00,18:00,,,10:00,18:00,,,10:00,18:00,,,10:00,18:00,,,10:00,18:00,,,,,,,,,,,25/08/25,19/12/25,AGOSTO_DICIEMBRE_2025
73,LMXJV 13-21,Lunes a Viernes 13:00-21:00,13:00,21:00,,,13:00,21:00,,,13:00,21:00,,,13:00,21:00,,,13:00,21:00,,,,,,,,,,,25/08/25,19/12/25,AGOSTO_DICIEMBRE_2025
78,LMXJV 09-14 y 16-19,Lunes a Viernes 09:00-14:00 y 16:00-19:00,9:00,14:00,16:00,19:00,9:00,14:00,16:00,19:00,9:00,14:00,16:00,19:00,9:00,14:00,16:00,19:00,9:00,14:00,16:00,19:00,,,,,,,,,25/08/25,19/12/25,AGOSTO_DICIEMBRE_2025
89,LMJV 09-17 | X 08-16,"Lunes, Martes, Jueves y Viernes 09:00-17:00, Mi√©rcoles 08:00-16:00",9:00,17:00,,,9:00,17:00,,,8:00,16:00,,,9:00,17:00,,,9:00,17:00,,,,,,,,,,,25/08/25,19/12/25,AGOSTO_DICIEMBRE_2025
121,LMXJV 10-18,Lunes a Viernes 10:00-18:00,10:00,18:00,,,10:00,18:00,,,10:00,18:00,,,10:00,18:00,,,10:00,18:00,,,,,,,,,,,25/08/25,19/12/25,AGOSTO_DICIEMBRE_2025
130,LMX 11-19 | JV 10-18,"Lunes a Mi√©rcoles 11:00-19:00, Jueves a Viernes 10:00-18:00",11:00,19:00,,,11:00,19:00,,,11:00,19:00,,,10:00,18:00,,,10:00,18:00,,,,,,,,,,,25/08/25,19/12/25,AGOSTO_DICIEMBRE_2025
144,LMXJV 09-17,Lunes a Viernes 09:00-17:00,9:00,17:00,,,9:00,17:00,,,9:00,17:00,,,9:00,17:00,,,9:00,17:00,,,,,,,,,,,25/08/25,19/12/25,AGOSTO_DICIEMBRE_2025
179,LMXJV 09-16,Lunes a Viernes 09:00-16:00,9:00,16:00,,,9:00,16:00,,,9:00,16:00,,,9:00,16:00,,,9:00,16:00,,,,,,,,,,,25/08/25,19/12/25,AGOSTO_DICIEMBRE_2025
205,LMXJ 09-15 y 17-19 | V 09-17,"Lunes a Jueves 09:00-15:00 y 17:00-19:00, Viernes 09:00-17:00",9:00,15:00,17:00,19:00,9:00,15:00,17:00,19:00,9:00,15:00,17:00,19:00,9:00,15:00,17:00,19:00,9:00,17:00,,,,,,,,,,,25/08/25,19/12/25,AGOSTO_DICIEMBRE_2025
288,LMXJV 09-17,Lunes a Viernes 09:00-17:00,9:00,17:00,,,9:00,17:00,,,9:00,17:00,,,9:00,17:00,,,9:00,17:00,,,,,,,,,,,25/08/25,19/12/25,AGOSTO_DICIEMBRE_2025
302,LMXJV 10-18,Lunes a Viernes 10:00-18:00,10:00,18:00,,,10:00,18:00,,,10:00,18:00,,,10:00,18:00,,,10:00,18:00,,,,,,,,,,,25/08/25,19/12/25,AGOSTO_DICIEMBRE_2025
307,LMXJV 09-17,Lunes a Viernes 09:00-17:00,9:00,17:00,,,9:00,17:00,,,9:00,17:00,,,9:00,17:00,,,9:00,17:00,,,,,,,,,,,25/08/25,19/12/25,AGOSTO_DICIEMBRE_2025
322,LMXJV 10-18,Lunes a Viernes 10:00-18:00,10:00,18:00,,,10:00,18:00,,,10:00,18:00,,,10:00,18:00,,,10:00,18:00,,,,,,,,,,,25/08/25,19/12/25,AGOSTO_DICIEMBRE_2025
348,LMXJ 09-13 y 14-18 | V 09-17,"Lunes a Jueves 09:00-13:00 y 14:00-18:00, Viernes 09:00-17:00",9:00,13:00,14:00,18:00,9:00,13:00,14:00,18:00,9:00,13:00,14:00,18:00,9:00,13:00,14:00,18:00,9:00,17:00,,,,,,,,,,,25/08/25,19/12/25,AGOSTO_DICIEMBRE_2025
367,LMXJV 10-18,Lunes a Viernes 10:00-18:00,10:00,18:00,,,10:00,18:00,,,10:00,18:00,,,10:00,18:00,,,10:00,18:00,,,,,,,,,,,25/08/25,19/12/25,AGOSTO_DICIEMBRE_2025
392,LMXJ 09-19 | V 09-17,"Lunes a Jueves 09:00-19:00, Viernes 09:00-17:00",9:00,19:00,,,9:00,19:00,,,9:00,19:00,,,9:00,19:00,,,9:00,17:00,,,,,,,,,,,25/08/25,19/12/25,AGOSTO_DICIEMBRE_2025
116,LXJV 10-17 | M 10-18,"Lunes, Mi√©rcoles, Jueves y Viernes 10:00-17:00, Martes 10:00-18:00",10:00,17:00,,,10:00,18:00,,,10:00,17:00,,,10:00,17:00,,,10:00,17:00,,,,,,,,,,,25/08/25,19/12/25,AGOSTO_DICIEMBRE_2025
48,LXJV 09-16 | M 09-17,"Lunes, Mi√©rcoles, Jueves y Viernes 09:00-16:00, Martes 09:00-17:00",9:00,16:00,,,9:00,17:00,,,9:00,16:00,,,9:00,16:00,,,9:00,16:00,,,,,,,,,,,25/08/25,19/12/25,AGOSTO_DICIEMBRE_2025
65,LMXJ 09-17 | V 09-16,"Lunes a Jueves 09:00-17:00, Viernes 09:00-16:00",9:00,17:00,,,9:00,17:00,,,9:00,17:00,,,9:00,17:00,,,9:00,16:00,,,,,,,,,,,25/08/25,19/12/25,AGOSTO_DICIEMBRE_2025
81,LXJV 09-16 | M 09-17,"Lunes, Mi√©rcoles, Jueves y Viernes 09:00-16:00, Martes 09:00-17:00",9:00,16:00,,,9:00,17:00,,,9:00,16:00,,,9:00,16:00,,,9:00,16:00,,,,,,,,,,,25/08/25,19/12/25,AGOSTO_DICIEMBRE_2025
134,L 09-17 | MXJV 09-16,"Lunes 09:00-17:00, Martes a Viernes 09:00-16:00",9:00,17:00,,,9:00,16:00,,,9:00,16:00,,,9:00,16:00,,,9:00,16:00,,,,,,,,,,,25/08/25,19/12/25,AGOSTO_DICIEMBRE_2025
145,L 09-17 | MXJV 09-16,"Lunes 09:00-17:00, Martes a Viernes 09:00-16:00",9:00,17:00,,,9:00,16:00,,,9:00,16:00,,,9:00,16:00,,,9:00,16:00,,,,,,,,,,,25/08/25,19/12/25,AGOSTO_DICIEMBRE_2025
374,L 09-17 | MXJV 09-16,"Lunes 09:00-17:00, Martes a Viernes 09:00-16:00",9:00,17:00,,,9:00,16:00,,,9:00,16:00,,,9:00,16:00,,,9:00,16:00,,,,,,,,,,,25/08/25,19/12/25,AGOSTO_DICIEMBRE_2025
103,LMXJV 09-17,Lunes a Viernes 09:00-17:00,9:00,17:00,,,9:00,17:00,,,9:00,17:00,,,9:00,17:00,,,9:00,17:00,,,,,,,,,,,25/08/25,19/12/25,AGOSTO_DICIEMBRE_2025
50,LMJV 09-16 | X 09-17,"Lunes, Martes, Jueves y Viernes 09:00-16:00, Mi√©rcoles 09:00-17:00",9:00,16:00,,,9:00,16:00,,,9:00,17:00,,,9:00,16:00,,,9:00,16:00,,,,,,,,,,,25/08/25,19/12/25,AGOSTO_DICIEMBRE_2025
157,LXV 08-15 | M 09-17 | J 09-16,"Lunes, Mi√©rcoles y Viernes 08:00-15:00, Martes 09:00-17:00, Jueves 09:00-16:00",8:00,15:00,,,9:00,17:00,,,8:00,15:00,,,9:00,16:00,,,8:00,15:00,,,,,,,,,,,25/08/25,19/12/25,AGOSTO_DICIEMBRE_2025
194,LX 09-16 | MV 08-15 | J 09-17,"Lunes y Mi√©rcoles 09:00-16:00, Martes y Viernes 08:00-15:00, Jueves 09:00-17:00",9:00,16:00,,,8:00,15:00,,,9:00,16:00,,,9:00,17:00,,,8:00,15:00,,,,,,,,,,,25/08/25,19/12/25,AGOSTO_DICIEMBRE_2025
266,LMXV 09-16 | J 09-17,"Lunes, Martes, Mi√©rcoles y Viernes 09:00-16:00, Jueves 09:00-17:00",9:00,16:00,,,9:00,16:00,,,9:00,16:00,,,9:00,17:00,,,9:00,16:00,,,,,,,,,,,25/08/25,19/12/25,AGOSTO_DICIEMBRE_2025
304,L 09-17 | MXJV 09-16,"Lunes 09:00-17:00, Martes a Viernes 09:00-16:00",9:00,17:00,,,9:00,16:00,,,9:00,16:00,,,9:00,16:00,,,9:00,16:00,,,,,,,,,,,25/08/25,19/12/25,AGOSTO_DICIEMBRE_2025
423,L 09-17 | MXJV 09-16,"Lunes 09:00-17:00, Martes a Viernes 09:00-16:00",9:00,17:00,,,9:00,16:00,,,9:00,16:00,,,9:00,16:00,,,9:00,16:00,,,,,,,,,,,25/08/25,19/12/25,AGOSTO_DICIEMBRE_2025
38,L 09-17 | M 09-16 | XJV 08-15,"Lunes 09:00-17:00, Martes 09:00-16:00, Mi√©rcoles a Viernes 08:00-15:00",9:00,17:00,,,9:00,16:00,,,8:00,15:00,,,8:00,15:00,,,8:00,15:00,,,,,,,,,,,25/08/25,19/12/25,AGOSTO_DICIEMBRE_2025
97,L 07-15 | MXJV 07-14,"Lunes 07:00-15:00, Martes a Viernes 07:00-14:00",7:00,15:00,,,7:00,14:00,,,7:00,14:00,,,7:00,14:00,,,7:00,14:00,,,,,,,,,,,25/08/25,19/12/25,AGOSTO_DICIEMBRE_2025
328,LM 09-16 | X 08-16 | JV 08-15,"Lunes a Martes 09:00-16:00, Mi√©rcoles 08:00-16:00, Jueves a Viernes 08:00-15:00",9:00,16:00,,,9:00,16:00,,,8:00,16:00,,,8:00,15:00,,,8:00,15:00,,,,,,,,,,,25/08/25,19/12/25,AGOSTO_DICIEMBRE_2025
36,L 09-17 | MJ 09-16 | X 08-15 | V 11-18,"Lunes 09:00-17:00, Martes y Jueves 09:00-16:00, Mi√©rcoles 08:00-15:00, Viernes 11:00-18:00",9:00,17:00,,,9:00,16:00,,,8:00,15:00,,,9:00,16:00,,,11:00,18:00,,,,,,,,,,,25/08/25,19/12/25,AGOSTO_DICIEMBRE_2025
51,L 10-14 y 15-19 | MXJV 10-14 y 15-18,"Lunes 10:00-14:00 y 15:00-19:00, Martes a Viernes 10:00-14:00 y 15:00-18:00",10:00,14:00,15:00,19:00,10:00,14:00,15:00,18:00,10:00,14:00,15:00,18:00,10:00,14:00,15:00,18:00,10:00,14:00,15:00,18:00,,,,,,,,,25/08/25,19/12/25,AGOSTO_DICIEMBRE_2025
147,LMXJ 09-16 | V 09-17,"Lunes a Jueves 09:00-16:00, Viernes 09:00-17:00",9:00,16:00,,,9:00,16:00,,,9:00,16:00,,,9:00,16:00,,,9:00,17:00,,,,,,,,,,,25/08/25,19/12/25,AGOSTO_DICIEMBRE_2025
159,L 10-18 | MXJV 09-16,"Lunes 10:00-18:00, Martes a Viernes 09:00-16:00",10:00,18:00,,,9:00,16:00,,,9:00,16:00,,,9:00,16:00,,,9:00,16:00,,,,,,,,,,,25/08/25,19/12/25,AGOSTO_DICIEMBRE_2025
212,L 09-17 | MXJV 09-16,"Lunes 09:00-17:00, Martes a Viernes 09:00-16:00",9:00,17:00,,,9:00,16:00,,,9:00,16:00,,,9:00,16:00,,,9:00,16:00,,,,,,,,,,,25/08/25,19/12/25,AGOSTO_DICIEMBRE_2025
232,L 09-17 | MJV 09-16 | X 11-18,"Lunes 09:00-17:00, Martes, Jueves y Viernes 09:00-16:00, Mi√©rcoles 11:00-18:00",9:00,17:00,,,9:00,16:00,,,11:00,18:00,,,9:00,16:00,,,9:00,16:00,,,,,,,,,,,25/08/25,19/12/25,AGOSTO_DICIEMBRE_2025
377,LXJV 09-16 | M 10-18,"Lunes, Mi√©rcoles, Jueves y Viernes 09:00-16:00, Martes 10:00-18:00",9:00,16:00,,,10:00,18:00,,,9:00,16:00,,,9:00,16:00,,,9:00,16:00,,,,,,,,,,,25/08/25,19/12/25,AGOSTO_DICIEMBRE_2025
427,L 07-15 | MXJV 07-14,"Lunes 07:00-15:00, Martes a Viernes 07:00-14:00",7:00,15:00,,,7:00,14:00,,,7:00,14:00,,,7:00,14:00,,,7:00,14:00,,,,,,,,,,,25/08/25,19/12/25,AGOSTO_DICIEMBRE_2025
247,LMXJ 08-15 | V 09-17,"Lunes a Jueves 08:00-15:00, Viernes 09:00-17:00",8:00,15:00,,,8:00,15:00,,,8:00,15:00,,,8:00,15:00,,,9:00,17:00,,,,,,,,,,,25/08/25,19/12/25,AGOSTO_DICIEMBRE_2025
25,L 07-15 | MXJV 07-14,"Lunes 07:00-15:00, Martes a Viernes 07:00-14:00",7:00,15:00,,,7:00,14:00,,,7:00,14:00,,,7:00,14:00,,,7:00,14:00,,,,,,,,,,,25/08/25,19/12/25,AGOSTO_DICIEMBRE_2025
32,L 09-17 | MXJV 08-15,"Lunes 09:00-17:00, Martes a Viernes 08:00-15:00",9:00,17:00,,,8:00,15:00,,,8:00,15:00,,,8:00,15:00,,,8:00,15:00,,,,,,,,,,,25/08/25,19/12/25,AGOSTO_DICIEMBRE_2025
52,L 07-15 | MXJV 07-14,"Lunes 07:00-15:00, Martes a Viernes 07:00-14:00",7:00,15:00,,,7:00,14:00,,,7:00,14:00,,,7:00,14:00,,,7:00,14:00,,,,,,,,,,,25/08/25,19/12/25,AGOSTO_DICIEMBRE_2025
53,L 09-17 | MXJV 07-14,"Lunes 09:00-17:00, Martes a Viernes 07:00-14:00",9:00,17:00,,,7:00,14:00,,,7:00,14:00,,,7:00,14:00,,,7:00,14:00,,,,,,,,,,,25/08/25,19/12/25,AGOSTO_DICIEMBRE_2025
60,L 09-17 | MXJV 07-14,"Lunes 09:00-17:00, Martes a Viernes 07:00-14:00",9:00,17:00,,,7:00,14:00,,,7:00,14:00,,,7:00,14:00,,,7:00,14:00,,,,,,,,,,,25/08/25,19/12/25,AGOSTO_DICIEMBRE_2025
72,L 06-14 | MXJV 06-13,"Lunes 06:00-14:00, Martes a Viernes 06:00-13:00",6:00,14:00,,,6:00,13:00,,,6:00,13:00,,,6:00,13:00,,,6:00,13:00,,,,,,,,,,,25/08/25,19/12/25,AGOSTO_DICIEMBRE_2025
77,L 07-15 | MXJV 07-14,"Lunes 07:00-15:00, Martes a Viernes 07:00-14:00",7:00,15:00,,,7:00,14:00,,,7:00,14:00,,,7:00,14:00,,,7:00,14:00,,,,,,,,,,,25/08/25,19/12/25,AGOSTO_DICIEMBRE_2025
80,L 06-14 | MXJV 06-13,"Lunes 06:00-14:00, Martes a Viernes 06:00-13:00",6:00,14:00,,,6:00,13:00,,,6:00,13:00,,,6:00,13:00,,,6:00,13:00,,,,,,,,,,,25/08/25,19/12/25,AGOSTO_DICIEMBRE_2025
84,L 07-15 | MXJV 07-14,"Lunes 07:00-15:00, Martes a Viernes 07:00-14:00",7:00,15:00,,,7:00,14:00,,,7:00,14:00,,,7:00,14:00,,,7:00,14:00,,,,,,,,,,,25/08/25,19/12/25,AGOSTO_DICIEMBRE_2025
113,L 09-17 | MXJV 08-15,"Lunes 09:00-17:00, Martes a Viernes 08:00-15:00",9:00,17:00,,,8:00,15:00,,,8:00,15:00,,,8:00,15:00,,,8:00,15:00,,,,,,,,,,,25/08/25,19/12/25,AGOSTO_DICIEMBRE_2025
115,LMJ 08-15 | X 09-16 | V 09-17,"Lunes, Martes y Jueves 08:00-15:00, Mi√©rcoles 09:00-16:00, Viernes 09:00-17:00",8:00,15:00,,,8:00,15:00,,,9:00,16:00,,,8:00,15:00,,,9:00,17:00,,,,,,,,,,,25/08/25,19/12/25,AGOSTO_DICIEMBRE_2025
160,L 07-15 | MXJV 07-14,"Lunes 07:00-15:00, Martes a Viernes 07:00-14:00",7:00,15:00,,,7:00,14:00,,,7:00,14:00,,,7:00,14:00,,,7:00,14:00,,,,,,,,,,,25/08/25,19/12/25,AGOSTO_DICIEMBRE_2025
161,L 08-16 | MXJV 08-15,"Lunes 08:00-16:00, Martes a Viernes 08:00-15:00",8:00,16:00,,,8:00,15:00,,,8:00,15:00,,,8:00,15:00,,,8:00,15:00,,,,,,,,,,,25/08/25,19/12/25,AGOSTO_DICIEMBRE_2025
174,L 09-16 | M 09-17 | XJV 08-15,"Lunes 09:00-16:00, Martes 09:00-17:00, Mi√©rcoles a Viernes 08:00-15:00",9:00,16:00,,,9:00,17:00,,,8:00,15:00,,,8:00,15:00,,,8:00,15:00,,,,,,,,,,,25/08/25,19/12/25,AGOSTO_DICIEMBRE_2025
181,L 06-14 | MXJV 06-13,"Lunes 06:00-14:00, Martes a Viernes 06:00-13:00",6:00,14:00,,,6:00,13:00,,,6:00,13:00,,,6:00,13:00,,,6:00,13:00,,,,,,,,,,,25/08/25,19/12/25,AGOSTO_DICIEMBRE_2025
189,L 06-14 | MXJ 06-13 | V 05-12,"Lunes 06:00-14:00, Martes a Jueves 06:00-13:00, Viernes 05:00-12:00",6:00,14:00,,,6:00,13:00,,,6:00,13:00,,,6:00,13:00,,,5:00,12:00,,,,,,,,,,,25/08/25,19/12/25,AGOSTO_DICIEMBRE_2025
204,L 10-18 | M 09-16 | XJV 08-15,"Lunes 10:00-18:00, Martes 09:00-16:00, Mi√©rcoles a Viernes 08:00-15:00",10:00,18:00,,,9:00,16:00,,,8:00,15:00,,,8:00,15:00,,,8:00,15:00,,,,,,,,,,,25/08/25,19/12/25,AGOSTO_DICIEMBRE_2025
213,L 09-17 | MXJV 09-16,"Lunes 09:00-17:00, Martes a Viernes 09:00-16:00",9:00,17:00,,,9:00,16:00,,,9:00,16:00,,,9:00,16:00,,,9:00,16:00,,,,,,,,,,,25/08/25,19/12/25,AGOSTO_DICIEMBRE_2025
240,L 13-21 | MXJV 14-21,"Lunes 13:00-21:00, Martes a Viernes 14:00-21:00",13:00,21:00,,,14:00,21:00,,,14:00,21:00,,,14:00,21:00,,,14:00,21:00,,,,,,,,,,,25/08/25,19/12/25,AGOSTO_DICIEMBRE_2025
320,L 06-14 | M 06-13 | X 20-03 | J 10-17 | V 00-07,"Lunes 06:00-14:00, Martes 06:00-13:00, Mi√©rcoles 20:00-03:00, Jueves 10:00-17:00, Viernes 00:00-07:00",6:00,14:00,,,6:00,13:00,,,20:00,3:00,,,10:00,17:00,,,0:00,7:00,,,,,,,,,,,25/08/25,19/12/25,AGOSTO_DICIEMBRE_2025
321,L 08-16 | M 08-15 | XJV 09-16,"Lunes 08:00-16:00, Martes 08:00-15:00, Mi√©rcoles a Viernes 09:00-16:00",8:00,16:00,,,8:00,15:00,,,9:00,16:00,,,9:00,16:00,,,9:00,16:00,,,,,,,,,,,25/08/25,19/12/25,AGOSTO_DICIEMBRE_2025
401,L 08-16 | MXJV 08-15,"Lunes 08:00-16:00, Martes a Viernes 08:00-15:00",8:00,16:00,,,8:00,15:00,,,8:00,15:00,,,8:00,15:00,,,8:00,15:00,,,,,,,,,,,25/08/25,19/12/25,AGOSTO_DICIEMBRE_2025
312,L 09-17 | MXJV 09-16,"Lunes 09:00-17:00, Martes a Viernes 09:00-16:00",9:00,17:00,,,9:00,16:00,,,9:00,16:00,,,9:00,16:00,,,9:00,16:00,,,,,,,,,,,25/08/25,19/12/25,AGOSTO_DICIEMBRE_2025
417,L 09-17 | MXJV 09-16,"Lunes 09:00-17:00, Martes a Viernes 09:00-16:00",9:00,17:00,,,9:00,16:00,,,9:00,16:00,,,9:00,16:00,,,9:00,16:00,,,,,,,,,,,25/08/25,19/12/25,AGOSTO_DICIEMBRE_2025
95,L 09-17 | MXJV 09-16,"Lunes 09:00-17:00, Martes a Viernes 09:00-16:00",9:00,17:00,,,9:00,16:00,,,9:00,16:00,,,9:00,16:00,,,9:00,16:00,,,,,,,,,,,25/08/25,19/12/25,AGOSTO_DICIEMBRE_2025
132,L 09-17 | MXJ 10-17 | V 09-16,"Lunes 09:00-17:00, Martes a Jueves 10:00-17:00, Viernes 09:00-16:00",9:00,17:00,,,10:00,17:00,,,10:00,17:00,,,10:00,17:00,,,9:00,16:00,,,,,,,,,,,25/08/25,19/12/25,AGOSTO_DICIEMBRE_2025
201,L 09-17 | MXJV 09-16,"Lunes 09:00-17:00, Martes a Viernes 09:00-16:00",9:00,17:00,,,9:00,16:00,,,9:00,16:00,,,9:00,16:00,,,9:00,16:00,,,,,,,,,,,25/08/25,19/12/25,AGOSTO_DICIEMBRE_2025
55,L 09-15 | J 16-18,"Lunes 09:00-15:00, Jueves 16:00-18:00",9:00,15:00,,,,,,,,,,,16:00,18:00,,,,,,,,,,,,,,,25/08/25,19/12/25,AGOSTO_DICIEMBRE_2025
381,LMXJ 09-16 | V 09-17,"Lunes a Jueves 09:00-16:00, Viernes 09:00-17:00",9:00,16:00,,,9:00,16:00,,,9:00,16:00,,,9:00,16:00,,,9:00,17:00,,,,,,,,,,,25/08/25,19/12/25,AGOSTO_DICIEMBRE_2025
389,LMJV 16-20 | X 08-11,"Lunes, Martes, Jueves y Viernes 16:00-20:00, Mi√©rcoles 08:00-11:00",16:00,20:00,,,16:00,20:00,,,8:00,11:00,,,16:00,20:00,,,16:00,20:00,,,,,,,,,,,25/08/25,19/12/25,AGOSTO_DICIEMBRE_2025
86,LXJV 09-16 | M 10-18,"Lunes, Mi√©rcoles, Jueves y Viernes 09:00-16:00, Martes 10:00-18:00",9:00,16:00,,,10:00,18:00,,,9:00,16:00,,,9:00,16:00,,,9:00,16:00,,,,,,,,,,,25/08/25,19/12/25,AGOSTO_DICIEMBRE_2025
148,LMXV 09-16 | J 10-18,"Lunes, Martes, Mi√©rcoles y Viernes 09:00-16:00, Jueves 10:00-18:00",9:00,16:00,,,9:00,16:00,,,9:00,16:00,,,10:00,18:00,,,9:00,16:00,,,,,,,,,,,25/08/25,19/12/25,AGOSTO_DICIEMBRE_2025
234,L 09-17 | MXJV 09-16,"Lunes 09:00-17:00, Martes a Viernes 09:00-16:00",9:00,17:00,,,9:00,16:00,,,9:00,16:00,,,9:00,16:00,,,9:00,16:00,,,,,,,,,,,25/08/25,19/12/25,AGOSTO_DICIEMBRE_2025
127,LMJV 09-16 | X 10-18,"Lunes, Martes, Jueves y Viernes 09:00-16:00, Mi√©rcoles 10:00-18:00",9:00,16:00,,,9:00,16:00,,,10:00,18:00,,,9:00,16:00,,,9:00,16:00,,,,,,,,,,,25/08/25,19/12/25,AGOSTO_DICIEMBRE_2025
290,L 10-18 | MXJV 09-16,"Lunes 10:00-18:00, Martes a Viernes 09:00-16:00",10:00,18:00,,,9:00,16:00,,,9:00,16:00,,,9:00,16:00,,,9:00,16:00,,,,,,,,,,,25/08/25,19/12/25,AGOSTO_DICIEMBRE_2025
231,L 10-18 | MXJ 11-18 | V 10-17,"Lunes 10:00-18:00, Martes a Jueves 11:00-18:00, Viernes 10:00-17:00",10:00,18:00,,,11:00,18:00,,,11:00,18:00,,,11:00,18:00,,,10:00,17:00,,,,,,,,,,,25/08/25,19/12/25,AGOSTO_DICIEMBRE_2025
28,L 09-17 | MXJV 09-16,"Lunes 09:00-17:00, Martes a Viernes 09:00-16:00",9:00,17:00,,,9:00,16:00,,,9:00,16:00,,,9:00,16:00,,,9:00,16:00,,,,,,,,,,,25/08/25,19/12/25,AGOSTO_DICIEMBRE_2025
214,L 10-18 | MXJV 10-17,"Lunes 10:00-18:00, Martes a Viernes 10:00-17:00",10:00,18:00,,,10:00,17:00,,,10:00,17:00,,,10:00,17:00,,,10:00,17:00,,,,,,,,,,,25/08/25,19/12/25,AGOSTO_DICIEMBRE_2025
267,L 10-18 | MXJV 09-16,"Lunes 10:00-18:00, Martes a Viernes 09:00-16:00",10:00,18:00,,,9:00,16:00,,,9:00,16:00,,,9:00,16:00,,,9:00,16:00,,,,,,,,,,,25/08/25,19/12/25,AGOSTO_DICIEMBRE_2025
195,L 09-17 | MX 09-16 | JV 08-15,"Lunes 09:00-17:00, Martes a Mi√©rcoles 09:00-16:00, Jueves a Viernes 08:00-15:00",9:00,17:00,,,9:00,16:00,,,9:00,16:00,,,8:00,15:00,,,8:00,15:00,,,,,,,,,,,25/08/25,19/12/25,AGOSTO_DICIEMBRE_2025
44,LMXJ 09-16 | V 09-17,"Lunes a Jueves 09:00-16:00, Viernes 09:00-17:00",9:00,16:00,,,9:00,16:00,,,9:00,16:00,,,9:00,16:00,,,9:00,17:00,,,,,,,,,,,25/08/25,19/12/25,AGOSTO_DICIEMBRE_2025
372,L 09-17 | MXJ 09-16 | V 08-15,"Lunes 09:00-17:00, Martes a Jueves 09:00-16:00, Viernes 08:00-15:00",9:00,17:00,,,9:00,16:00,,,9:00,16:00,,,9:00,16:00,,,8:00,15:00,,,,,,,,,,,25/08/25,19/12/25,AGOSTO_DICIEMBRE_2025
340,LXJ 09-16 | M 09-17 | V 08-15,"Lunes, Mi√©rcoles y Jueves 09:00-16:00, Martes 09:00-17:00, Viernes 08:00-15:00",9:00,16:00,,,9:00,17:00,,,9:00,16:00,,,9:00,16:00,,,8:00,15:00,,,,,,,,,,,25/08/25,19/12/25,AGOSTO_DICIEMBRE_2025
13,L 09-17 | M 10-17 | XJV 09-16,"Lunes 09:00-17:00, Martes 10:00-17:00, Mi√©rcoles a Viernes 09:00-16:00",9:00,17:00,,,10:00,17:00,,,9:00,16:00,,,9:00,16:00,,,9:00,16:00,,,,,,,,,,,25/08/25,19/12/25,AGOSTO_DICIEMBRE_2025
85,L 11-19 | MXJ 10-17 | V 08-15,"Lunes 11:00-19:00, Martes a Jueves 10:00-17:00, Viernes 08:00-15:00",11:00,19:00,,,10:00,17:00,,,10:00,17:00,,,10:00,17:00,,,8:00,15:00,,,,,,,,,,,25/08/25,19/12/25,AGOSTO_DICIEMBRE_2025
149,LM 10-14,Lunes a Martes 10:00-14:00,10:00,14:00,,,10:00,14:00,,,,,,,,,,,,,,,,,,,,,,,25/08/25,19/12/25,AGOSTO_DICIEMBRE_2025
246,L 09-17 | MXJ 09-16 | V 08-15,"Lunes 09:00-17:00, Martes a Jueves 09:00-16:00, Viernes 08:00-15:00",9:00,17:00,,,9:00,16:00,,,9:00,16:00,,,9:00,16:00,,,8:00,15:00,,,,,,,,,,,25/08/25,19/12/25,AGOSTO_DICIEMBRE_2025
227,LX 09-16 | MV 08-15 | J 09-17,"Lunes y Mi√©rcoles 09:00-16:00, Martes y Viernes 08:00-15:00, Jueves 09:00-17:00",9:00,16:00,,,8:00,15:00,,,9:00,16:00,,,9:00,17:00,,,8:00,15:00,,,,,,,,,,,25/08/25,19/12/25,AGOSTO_DICIEMBRE_2025
225,LV 09-16 | MJ 08-15 | X 09-17,"Lunes y Viernes 09:00-16:00, Martes y Jueves 08:00-15:00, Mi√©rcoles 09:00-17:00",9:00,16:00,,,8:00,15:00,,,9:00,17:00,,,8:00,15:00,,,9:00,16:00,,,,,,,,,,,25/08/25,19/12/25,AGOSTO_DICIEMBRE_2025
135,L 09-17 | MXJV 09-16,"Lunes 09:00-17:00, Martes a Viernes 09:00-16:00",9:00,17:00,,,9:00,16:00,,,9:00,16:00,,,9:00,16:00,,,9:00,16:00,,,,,,,,,,,25/08/25,19/12/25,AGOSTO_DICIEMBRE_2025
271,L 09-17 | MXJ 09-16 | V 08-15,"Lunes 09:00-17:00, Martes a Jueves 09:00-16:00, Viernes 08:00-15:00",9:00,17:00,,,9:00,16:00,,,9:00,16:00,,,9:00,16:00,,,8:00,15:00,,,,,,,,,,,25/08/25,19/12/25,AGOSTO_DICIEMBRE_2025
31,LMXV 08-13 y 15-17 | J 08-13 y 15-18,"Lunes, Martes, Mi√©rcoles y Viernes 08:00-13:00 y 15:00-17:00, Jueves 08:00-13:00 y 15:00-18:00",8:00,13:00,15:00,17:00,8:00,13:00,15:00,17:00,8:00,13:00,15:00,17:00,8:00,13:00,15:00,18:00,8:00,13:00,15:00,17:00,,,,,,,,,25/08/25,19/12/25,AGOSTO_DICIEMBRE_2025
74,L 09-17 | MXJV 09-16,"Lunes 09:00-17:00, Martes a Viernes 09:00-16:00",9:00,17:00,,,9:00,16:00,,,9:00,16:00,,,9:00,16:00,,,9:00,16:00,,,,,,,,,,,25/08/25,19/12/25,AGOSTO_DICIEMBRE_2025
12,L 10-18 | MXJV 10-17,"Lunes 10:00-18:00, Martes a Viernes 10:00-17:00",10:00,18:00,,,10:00,17:00,,,10:00,17:00,,,10:00,17:00,,,10:00,17:00,,,,,,,,,,,25/08/25,19/12/25,AGOSTO_DICIEMBRE_2025
47,LMXJV 08-16,Lunes a Viernes 08:00-16:00,8:00,16:00,,,8:00,16:00,,,8:00,16:00,,,8:00,16:00,,,8:00,16:00,,,,,,,,,,,25/08/25,19/12/25,AGOSTO_DICIEMBRE_2025
102,LXJV 09-16 | M 09-17,"Lunes, Mi√©rcoles, Jueves y Viernes 09:00-16:00, Martes 09:00-17:00",9:00,16:00,,,9:00,17:00,,,9:00,16:00,,,9:00,16:00,,,9:00,16:00,,,,,,,,,,,25/08/25,19/12/25,AGOSTO_DICIEMBRE_2025
126,L 12-20 | MXJV 12-19,"Lunes 12:00-20:00, Martes a Viernes 12:00-19:00",12:00,20:00,,,12:00,19:00,,,12:00,19:00,,,12:00,19:00,,,12:00,19:00,,,,,,,,,,,25/08/25,19/12/25,AGOSTO_DICIEMBRE_2025
185,L 09-16 | M 08-15 | X 08-16 | J 09-17 | V 09-15,"Lunes 09:00-16:00, Martes 08:00-15:00, Mi√©rcoles 08:00-16:00, Jueves 09:00-17:00, Viernes 09:00-15:00",9:00,16:00,,,8:00,15:00,,,8:00,16:00,,,9:00,17:00,,,9:00,15:00,,,,,,,,,,,25/08/25,19/12/25,AGOSTO_DICIEMBRE_2025
283,LMXJ 09-16 | V 09-17,"Lunes a Jueves 09:00-16:00, Viernes 09:00-17:00",9:00,16:00,,,9:00,16:00,,,9:00,16:00,,,9:00,16:00,,,9:00,17:00,,,,,,,,,,,25/08/25,19/12/25,AGOSTO_DICIEMBRE_2025
21,L 08-16 | MXJV 08-15,"Lunes 08:00-16:00, Martes a Viernes 08:00-15:00",8:00,16:00,,,8:00,15:00,,,8:00,15:00,,,8:00,15:00,,,8:00,15:00,,,,,,,,,,,25/08/25,19/12/25,AGOSTO_DICIEMBRE_2025
339,L 09-17 | MXJV 08-15,"Lunes 09:00-17:00, Martes a Viernes 08:00-15:00",9:00,17:00,,,8:00,15:00,,,8:00,15:00,,,8:00,15:00,,,8:00,15:00,,,,,,,,,,,25/08/25,19/12/25,AGOSTO_DICIEMBRE_2025
209,L 09-17 | MXJ 08-12 y 14-17 | V 09-16,"Lunes 09:00-17:00, Martes a Jueves 08:00-12:00 y 14:00-17:00, Viernes 09:00-16:00",9:00,17:00,,,8:00,12:00,14:00,17:00,8:00,12:00,14:00,17:00,8:00,12:00,14:00,17:00,9:00,16:00,,,,,,,,,,,25/08/25,19/12/25,AGOSTO_DICIEMBRE_2025
151,L 09-17 | MXJV 09-16,"Lunes 09:00-17:00, Martes a Viernes 09:00-16:00",9:00,17:00,,,9:00,16:00,,,9:00,16:00,,,9:00,16:00,,,9:00,16:00,,,,,,,,,,,25/08/25,19/12/25,AGOSTO_DICIEMBRE_2025
198,L 09-17 | MJ 08-15 | X 09-16 | V 08-17,"Lunes 09:00-17:00, Martes y Jueves 08:00-15:00, Mi√©rcoles 09:00-16:00, Viernes 08:00-17:00",9:00,17:00,,,8:00,15:00,,,9:00,16:00,,,8:00,15:00,,,8:00,17:00,,,,,,,,,,,25/08/25,19/12/25,AGOSTO_DICIEMBRE_2025
90,L 09-15 | M 10-17 | X 10-12 | J 10-11 | V 10-13,"Lunes 09:00-15:00, Martes 10:00-17:00, Mi√©rcoles 10:00-12:00, Jueves 10:00-11:00, Viernes 10:00-13:00",9:00,15:00,,,10:00,17:00,,,10:00,12:00,,,10:00,11:00,,,10:00,13:00,,,,,,,,,,,25/08/25,19/12/25,AGOSTO_DICIEMBRE_2025
380,L 10-18 | MX 09-16 | JV 10-17,"Lunes 10:00-18:00, Martes a Mi√©rcoles 09:00-16:00, Jueves a Viernes 10:00-17:00",10:00,18:00,,,9:00,16:00,,,9:00,16:00,,,10:00,17:00,,,10:00,17:00,,,,,,,,,,,25/08/25,19/12/25,AGOSTO_DICIEMBRE_2025
202,L 09-17 | MXJV 09-16,"Lunes 09:00-17:00, Martes a Viernes 09:00-16:00",9:00,17:00,,,9:00,16:00,,,9:00,16:00,,,9:00,16:00,,,9:00,16:00,,,,,,,,,,,25/08/25,19/12/25,AGOSTO_DICIEMBRE_2025
196,L 10-18 | MXJV 10-17,"Lunes 10:00-18:00, Martes a Viernes 10:00-17:00",10:00,18:00,,,10:00,17:00,,,10:00,17:00,,,10:00,17:00,,,10:00,17:00,,,,,,,,,,,25/08/25,19/12/25,AGOSTO_DICIEMBRE_2025
327,LMJV 09-16 | X 09-17,"Lunes, Martes, Jueves y Viernes 09:00-16:00, Mi√©rcoles 09:00-17:00",9:00,16:00,,,9:00,16:00,,,9:00,17:00,,,9:00,16:00,,,9:00,16:00,,,,,,,,,,,25/08/25,19/12/25,AGOSTO_DICIEMBRE_2025
343,LXJV 10-18 | M 11-19,"Lunes, Mi√©rcoles, Jueves y Viernes 10:00-18:00, Martes 11:00-19:00",10:00,18:00,,,11:00,19:00,,,10:00,18:00,,,10:00,18:00,,,10:00,18:00,,,,,,,,,,,25/08/25,19/12/25,AGOSTO_DICIEMBRE_2025
373,LV 09-17 | MX 08-16 | J 08-17,"Lunes y Viernes 09:00-17:00, Martes a Mi√©rcoles 08:00-16:00, Jueves 08:00-17:00",9:00,17:00,,,8:00,16:00,,,8:00,16:00,,,8:00,17:00,,,9:00,17:00,,,,,,,,,,,25/08/25,19/12/25,AGOSTO_DICIEMBRE_2025
22,L 09-17 | MX 08-16 | J 08-14,"Lunes 09:00-17:00, Martes a Mi√©rcoles 08:00-16:00, Jueves 08:00-14:00",9:00,17:00,,,8:00,16:00,,,8:00,16:00,,,8:00,14:00,,,,,,,,,,,,,,,25/08/25,19/12/25,AGOSTO_DICIEMBRE_2025
325,LXJ 10-17 | M 10-18 | V 09-16,"Lunes, Mi√©rcoles y Jueves 10:00-17:00, Martes 10:00-18:00, Viernes 09:00-16:00",10:00,17:00,,,10:00,18:00,,,10:00,17:00,,,10:00,17:00,,,9:00,16:00,,,,,,,,,,,25/08/25,19/12/25,AGOSTO_DICIEMBRE_2025
422,LMXJ 14-18,Lunes a Jueves 14:00-18:00,14:00,18:00,,,14:00,18:00,,,14:00,18:00,,,14:00,18:00,,,,,,,,,,,,,,,25/08/25,19/12/25,AGOSTO_DICIEMBRE_2025
3,LMXJV 10-18,Lunes a Viernes 10:00-18:00,10:00,18:00,,,10:00,18:00,,,10:00,18:00,,,10:00,18:00,,,10:00,18:00,,,,,,,,,,,25/08/25,19/12/25,AGOSTO_DICIEMBRE_2025
29,L 17-21 | MXJV 17-20,"Lunes 17:00-21:00, Martes a Viernes 17:00-20:00",17:00,21:00,,,17:00,20:00,,,17:00,20:00,,,17:00,20:00,,,17:00,20:00,,,,,,,,,,,25/08/25,19/12/25,AGOSTO_DICIEMBRE_2025
41,LMXJV 09-17,Lunes a Viernes 09:00-17:00,9:00,17:00,,,9:00,17:00,,,9:00,17:00,,,9:00,17:00,,,9:00,17:00,,,,,,,,,,,25/08/25,19/12/25,AGOSTO_DICIEMBRE_2025
42,LV 16-17 | M 17-19 | XJ 16-18,"Lunes y Viernes 16:00-17:00, Martes 17:00-19:00, Mi√©rcoles a Jueves 16:00-18:00",16:00,17:00,,,17:00,19:00,,,16:00,18:00,,,16:00,18:00,,,16:00,17:00,,,,,,,,,,,25/08/25,19/12/25,AGOSTO_DICIEMBRE_2025
43,LMXJV 08-16,Lunes a Viernes 08:00-16:00,8:00,16:00,,,8:00,16:00,,,8:00,16:00,,,8:00,16:00,,,8:00,16:00,,,,,,,,,,,25/08/25,19/12/25,AGOSTO_DICIEMBRE_2025
64,LM 16-18 | X 16-17,"Lunes a Martes 16:00-18:00, Mi√©rcoles 16:00-17:00",16:00,18:00,,,16:00,18:00,,,16:00,17:00,,,,,,,,,,,,,,,,,,,25/08/25,19/12/25,AGOSTO_DICIEMBRE_2025
66,LMXJ 18-19,Lunes a Jueves 18:00-19:00,18:00,19:00,,,18:00,19:00,,,18:00,19:00,,,18:00,19:00,,,,,,,,,,,,,,,25/08/25,19/12/25,AGOSTO_DICIEMBRE_2025
140,LMXJV 10-18,Lunes a Viernes 10:00-18:00,10:00,18:00,,,10:00,18:00,,,10:00,18:00,,,10:00,18:00,,,10:00,18:00,,,,,,,,,,,25/08/25,19/12/25,AGOSTO_DICIEMBRE_2025
238,LMXJV 14-22,Lunes a Viernes 14:00-22:00,14:00,22:00,,,14:00,22:00,,,14:00,22:00,,,14:00,22:00,,,14:00,22:00,,,,,,,,,,,25/08/25,19/12/25,AGOSTO_DICIEMBRE_2025
248,LMXJV 09-17,Lunes a Viernes 09:00-17:00,9:00,17:00,,,9:00,17:00,,,9:00,17:00,,,9:00,17:00,,,9:00,17:00,,,,,,,,,,,25/08/25,19/12/25,AGOSTO_DICIEMBRE_2025
249,LMXJV 10-18,Lunes a Viernes 10:00-18:00,10:00,18:00,,,10:00,18:00,,,10:00,18:00,,,10:00,18:00,,,10:00,18:00,,,,,,,,,,,25/08/25,19/12/25,AGOSTO_DICIEMBRE_2025
291,L 08-16 | MXJ 07-15 | V 09-17,"Lunes 08:00-16:00, Martes a Jueves 07:00-15:00, Viernes 09:00-17:00",8:00,16:00,,,7:00,15:00,,,7:00,15:00,,,7:00,15:00,,,9:00,17:00,,,,,,,,,,,25/08/25,19/12/25,AGOSTO_DICIEMBRE_2025
293,LMXV 10-18 | J 10-None,"Lunes, Martes, Mi√©rcoles y Viernes 10:00-18:00, Jueves 10:00-None",10:00,18:00,,,10:00,18:00,,,10:00,18:00,,,10:00,#REF!,,,10:00,18:00,,,,,,,,,,,25/08/25,19/12/25,AGOSTO_DICIEMBRE_2025
299,LMXJV 08-16,Lunes a Viernes 08:00-16:00,8:00,16:00,,,8:00,16:00,,,8:00,16:00,,,8:00,16:00,,,8:00,16:00,,,,,,,,,,,25/08/25,19/12/25,AGOSTO_DICIEMBRE_2025
300,LMXJV 10-18,Lunes a Viernes 10:00-18:00,10:00,18:00,,,10:00,18:00,,,10:00,18:00,,,10:00,18:00,,,10:00,18:00,,,,,,,,,,,25/08/25,19/12/25,AGOSTO_DICIEMBRE_2025
319,L 09-17 | MXJ 09-16 | V 08-15,"Lunes 09:00-17:00, Martes a Jueves 09:00-16:00, Viernes 08:00-15:00",9:00,17:00,,,9:00,16:00,,,9:00,16:00,,,9:00,16:00,,,8:00,15:00,,,,,,,,,,,25/08/25,19/12/25,AGOSTO_DICIEMBRE_2025
337,LMXJV 08-16,Lunes a Viernes 08:00-16:00,8:00,16:00,,,8:00,16:00,,,8:00,16:00,,,8:00,16:00,,,8:00,16:00,,,,,,,,,,,25/08/25,19/12/25,AGOSTO_DICIEMBRE_2025
351,LMXJV 08-16,Lunes a Viernes 08:00-16:00,8:00,16:00,,,8:00,16:00,,,8:00,16:00,,,8:00,16:00,,,8:00,16:00,,,,,,,,,,,25/08/25,19/12/25,AGOSTO_DICIEMBRE_2025
391,LMXJ 16-20 | V 17-20,"Lunes a Jueves 16:00-20:00, Viernes 17:00-20:00",16:00,20:00,,,16:00,20:00,,,16:00,20:00,,,16:00,20:00,,,17:00,20:00,,,,,,,,,,,25/08/25,19/12/25,AGOSTO_DICIEMBRE_2025
424,LV 13-16 | MJ 13-15 | X 16-20,"Lunes y Viernes 13:00-16:00, Martes y Jueves 13:00-15:00, Mi√©rcoles 16:00-20:00",13:00,16:00,,,13:00,15:00,,,16:00,20:00,,,13:00,15:00,,,13:00,16:00,,,,,,,,,,,25/08/25,19/12/25,AGOSTO_DICIEMBRE_2025
10,LMXJ 11-15 | V 11-14,"Lunes a Jueves 11:00-15:00, Viernes 11:00-14:00",11:00,15:00,,,11:00,15:00,,,11:00,15:00,,,11:00,15:00,,,11:00,14:00,,,,,,,,,,,25/08/25,19/12/25,AGOSTO_DICIEMBRE_2025
386,LMXJ 12-16,Lunes a Jueves 12:00-16:00,12:00,16:00,,,12:00,16:00,,,12:00,16:00,,,12:00,16:00,,,,,,,,,,,,,,,25/08/25,19/12/25,AGOSTO_DICIEMBRE_2025
91,LMXJV 07-15,Lunes a Viernes 07:00-15:00,7:00,15:00,,,7:00,15:00,,,7:00,15:00,,,7:00,15:00,,,7:00,15:00,,,,,,,,,,,25/08/25,19/12/25,AGOSTO_DICIEMBRE_2025
131,LMXJV 07-15,Lunes a Viernes 07:00-15:00,7:00,15:00,,,7:00,15:00,,,7:00,15:00,,,7:00,15:00,,,7:00,15:00,,,,,,,,,,,25/08/25,19/12/25,AGOSTO_DICIEMBRE_2025
164,LMXJ 17-19,Lunes a Jueves 17:00-19:00,17:00,19:00,,,17:00,19:00,,,17:00,19:00,,,17:00,19:00,,,,,,,,,,,,,,,25/08/25,19/12/25,AGOSTO_DICIEMBRE_2025
190,LMXJV 09-17,Lunes a Viernes 09:00-17:00,9:00,17:00,,,9:00,17:00,,,9:00,17:00,,,9:00,17:00,,,9:00,17:00,,,,,,,,,,,25/08/25,19/12/25,AGOSTO_DICIEMBRE_2025
252,LMX 10-18 | JV 09-17,"Lunes a Mi√©rcoles 10:00-18:00, Jueves a Viernes 09:00-17:00",10:00,18:00,,,10:00,18:00,,,10:00,18:00,,,9:00,17:00,,,9:00,17:00,,,,,,,,,,,25/08/25,19/12/25,AGOSTO_DICIEMBRE_2025
255,LMXJV 07-15,Lunes a Viernes 07:00-15:00,7:00,15:00,,,7:00,15:00,,,7:00,15:00,,,7:00,15:00,,,7:00,15:00,,,,,,,,,,,25/08/25,19/12/25,AGOSTO_DICIEMBRE_2025
257,LMXJV 08-16,Lunes a Viernes 08:00-16:00,8:00,16:00,,,8:00,16:00,,,8:00,16:00,,,8:00,16:00,,,8:00,16:00,,,,,,,,,,,25/08/25,19/12/25,AGOSTO_DICIEMBRE_2025
264,LMXJV 10-18,Lunes a Viernes 10:00-18:00,10:00,18:00,,,10:00,18:00,,,10:00,18:00,,,10:00,18:00,,,10:00,18:00,,,,,,,,,,,25/08/25,19/12/25,AGOSTO_DICIEMBRE_2025
270,L 09-17 | MXJV 09-16,"Lunes 09:00-17:00, Martes a Viernes 09:00-16:00",9:00,17:00,,,9:00,16:00,,,9:00,16:00,,,9:00,16:00,,,9:00,16:00,,,,,,,,,,,25/08/25,19/12/25,AGOSTO_DICIEMBRE_2025
272,L 08-11 | MXJV 08-12,"Lunes 08:00-11:00, Martes a Viernes 08:00-12:00",8:00,11:00,,,8:00,12:00,,,8:00,12:00,,,8:00,12:00,,,8:00,12:00,,,,,,,,,,,25/08/25,19/12/25,AGOSTO_DICIEMBRE_2025
285,LMX 11-19 | JV 10-18,"Lunes a Mi√©rcoles 11:00-19:00, Jueves a Viernes 10:00-18:00",11:00,19:00,,,11:00,19:00,,,11:00,19:00,,,10:00,18:00,,,10:00,18:00,,,,,,,,,,,25/08/25,19/12/25,AGOSTO_DICIEMBRE_2025
294,LXJV 08-15 | M 08-16,"Lunes, Mi√©rcoles, Jueves y Viernes 08:00-15:00, Martes 08:00-16:00",8:00,15:00,,,8:00,16:00,,,8:00,15:00,,,8:00,15:00,,,8:00,15:00,,,,,,,,,,,25/08/25,19/12/25,AGOSTO_DICIEMBRE_2025
298,LMXJ 13-17 | V 13-14,"Lunes a Jueves 13:00-17:00, Viernes 13:00-14:00",13:00,17:00,,,13:00,17:00,,,13:00,17:00,,,13:00,17:00,,,13:00,14:00,,,,,,,,,,,25/08/25,19/12/25,AGOSTO_DICIEMBRE_2025
301,LMXJV 07-15,Lunes a Viernes 07:00-15:00,7:00,15:00,,,7:00,15:00,,,7:00,15:00,,,7:00,15:00,,,7:00,15:00,,,,,,,,,,,25/08/25,19/12/25,AGOSTO_DICIEMBRE_2025
324,LMXJV 07-15,Lunes a Viernes 07:00-15:00,7:00,15:00,,,7:00,15:00,,,7:00,15:00,,,7:00,15:00,,,7:00,15:00,,,,,,,,,,,25/08/25,19/12/25,AGOSTO_DICIEMBRE_2025
331,LMXJ 12-16 | V 11-14,"Lunes a Jueves 12:00-16:00, Viernes 11:00-14:00",12:00,16:00,,,12:00,16:00,,,12:00,16:00,,,12:00,16:00,,,11:00,14:00,,,,,,,,,,,25/08/25,19/12/25,AGOSTO_DICIEMBRE_2025
368,LMXJV 08-16,Lunes a Viernes 08:00-16:00,8:00,16:00,,,8:00,16:00,,,8:00,16:00,,,8:00,16:00,,,8:00,16:00,,,,,,,,,,,25/08/25,19/12/25,AGOSTO_DICIEMBRE_2025
4,LMX 09-17 | JV 08-16,"Lunes a Mi√©rcoles 09:00-17:00, Jueves a Viernes 08:00-16:00",9:00,17:00,,,9:00,17:00,,,9:00,17:00,,,8:00,16:00,,,8:00,16:00,,,,,,,,,,,25/08/25,19/12/25,AGOSTO_DICIEMBRE_2025
9,LMXJV 09-17,Lunes a Viernes 09:00-17:00,9:00,17:00,,,9:00,17:00,,,9:00,17:00,,,9:00,17:00,,,9:00,17:00,,,,,,,,,,,25/08/25,19/12/25,AGOSTO_DICIEMBRE_2025
15,L 13-17 | J 16-19 | V 17-19,"Lunes 13:00-17:00, Jueves 16:00-19:00, Viernes 17:00-19:00",13:00,17:00,,,,,,,,,,,16:00,19:00,,,17:00,19:00,,,,,,,,,,,25/08/25,19/12/25,AGOSTO_DICIEMBRE_2025
30,LMXJ 08-12 | V 08-11,"Lunes a Jueves 08:00-12:00, Viernes 08:00-11:00",8:00,12:00,,,8:00,12:00,,,8:00,12:00,,,8:00,12:00,,,8:00,11:00,,,,,,,,,,,25/08/25,19/12/25,AGOSTO_DICIEMBRE_2025
40,LMXJV 12-20,Lunes a Viernes 12:00-20:00,12:00,20:00,,,12:00,20:00,,,12:00,20:00,,,12:00,20:00,,,12:00,20:00,,,,,,,,,,,25/08/25,19/12/25,AGOSTO_DICIEMBRE_2025
49,LMXJV 09-17,Lunes a Viernes 09:00-17:00,9:00,17:00,,,9:00,17:00,,,9:00,17:00,,,9:00,17:00,,,9:00,17:00,,,,,,,,,,,25/08/25,19/12/25,AGOSTO_DICIEMBRE_2025
56,M 14-15 | XJV 14-16,"Martes 14:00-15:00, Mi√©rcoles a Viernes 14:00-16:00",,,,,14:00,15:00,,,14:00,16:00,,,14:00,16:00,,,14:00,16:00,,,,,,,,,,,25/08/25,19/12/25,AGOSTO_DICIEMBRE_2025
75,MXJV 10-14,Martes a Viernes 10:00-14:00,,,,,10:00,14:00,,,10:00,14:00,,,10:00,14:00,,,10:00,14:00,,,,,,,,,,,25/08/25,19/12/25,AGOSTO_DICIEMBRE_2025
94,LM 08-12 | X 10-12,"Lunes a Martes 08:00-12:00, Mi√©rcoles 10:00-12:00",8:00,12:00,,,8:00,12:00,,,10:00,12:00,,,,,,,,,,,,,,,,,,,25/08/25,19/12/25,AGOSTO_DICIEMBRE_2025
110,MXJV 10-15,Martes a Viernes 10:00-15:00,,,,,10:00,15:00,,,10:00,15:00,,,10:00,15:00,,,10:00,15:00,,,,,,,,,,,25/08/25,19/12/25,AGOSTO_DICIEMBRE_2025
120,LMXJV 10-15,Lunes a Viernes 10:00-15:00,10:00,15:00,,,10:00,15:00,,,10:00,15:00,,,10:00,15:00,,,10:00,15:00,,,,,,,,,,,25/08/25,19/12/25,AGOSTO_DICIEMBRE_2025
137,LMXJV 07-15,Lunes a Viernes 07:00-15:00,7:00,15:00,,,7:00,15:00,,,7:00,15:00,,,7:00,15:00,,,7:00,15:00,,,,,,,,,,,25/08/25,19/12/25,AGOSTO_DICIEMBRE_2025
146,LMXJ 09-12 | V 09-13,"Lunes a Jueves 09:00-12:00, Viernes 09:00-13:00",9:00,12:00,,,9:00,12:00,,,9:00,12:00,,,9:00,12:00,,,9:00,13:00,,,,,,,,,,,25/08/25,19/12/25,AGOSTO_DICIEMBRE_2025
170,L 16-18 | MXJV 14-18,"Lunes 16:00-18:00, Martes a Viernes 14:00-18:00",16:00,18:00,,,14:00,18:00,,,14:00,18:00,,,14:00,18:00,,,14:00,18:00,,,,,,,,,,,25/08/25,19/12/25,AGOSTO_DICIEMBRE_2025
183,LMXJ 15-18 | V 15-17,"Lunes a Jueves 15:00-18:00, Viernes 15:00-17:00",15:00,18:00,,,15:00,18:00,,,15:00,18:00,,,15:00,18:00,,,15:00,17:00,,,,,,,,,,,25/08/25,19/12/25,AGOSTO_DICIEMBRE_2025
220,LJV 13-17 | MX 14-17,"Lunes, Jueves y Viernes 13:00-17:00, Martes a Mi√©rcoles 14:00-17:00",13:00,17:00,,,14:00,17:00,,,14:00,17:00,,,13:00,17:00,,,13:00,17:00,,,,,,,,,,,25/08/25,19/12/25,AGOSTO_DICIEMBRE_2025
251,LXJV 10-17 | M 10-18,"Lunes, Mi√©rcoles, Jueves y Viernes 10:00-17:00, Martes 10:00-18:00",10:00,17:00,,,10:00,18:00,,,10:00,17:00,,,10:00,17:00,,,10:00,17:00,,,,,,,,,,,25/08/25,19/12/25,AGOSTO_DICIEMBRE_2025
256,L 09-17 | MXJ 09-16 | V None-16,"Lunes 09:00-17:00, Martes a Jueves 09:00-16:00, Viernes None-16:00",9:00,17:00,,,9:00,16:00,,,9:00,16:00,,,9:00,16:00,,, ,16:00,,,,,,,,,,,25/08/25,19/12/25,AGOSTO_DICIEMBRE_2025
258,LMXJ 12-20 | V 11-19,"Lunes a Jueves 12:00-20:00, Viernes 11:00-19:00",12:00,20:00,,,12:00,20:00,,,12:00,20:00,,,12:00,20:00,,,11:00,19:00,,,,,,,,,,,25/08/25,19/12/25,AGOSTO_DICIEMBRE_2025
295,MXJV 15-18,Martes a Viernes 15:00-18:00,,,,,15:00,18:00,,,15:00,18:00,,,15:00,18:00,,,15:00,18:00,,,,,,,,,,,25/08/25,19/12/25,AGOSTO_DICIEMBRE_2025
296,LMXJV 07-11,Lunes a Viernes 07:00-11:00,7:00,11:00,,,7:00,11:00,,,7:00,11:00,,,7:00,11:00,,,7:00,11:00,,,,,,,,,,,25/08/25,19/12/25,AGOSTO_DICIEMBRE_2025
332,L 10-18 | MXJV 09-17,"Lunes 10:00-18:00, Martes a Viernes 09:00-17:00",10:00,18:00,,,9:00,17:00,,,9:00,17:00,,,9:00,17:00,,,9:00,17:00,,,,,,,,,,,25/08/25,19/12/25,AGOSTO_DICIEMBRE_2025
346,LMJ 08-12 | XV 08-11,"Lunes, Martes y Jueves 08:00-12:00, Mi√©rcoles y Viernes 08:00-11:00",8:00,12:00,,,8:00,12:00,,,8:00,11:00,,,8:00,12:00,,,8:00,11:00,,,,,,,,,,,25/08/25,19/12/25,AGOSTO_DICIEMBRE_2025
353,LM 09-12 | X 09-11 | JV 07-09,"Lunes a Martes 09:00-12:00, Mi√©rcoles 09:00-11:00, Jueves a Viernes 07:00-09:00",9:00,12:00,,,9:00,12:00,,,9:00,11:00,,,7:00,9:00,,,7:00,9:00,,,,,,,,,,,25/08/25,19/12/25,AGOSTO_DICIEMBRE_2025
366,LMXJV 07-15,Lunes a Viernes 07:00-15:00,7:00,15:00,,,7:00,15:00,,,7:00,15:00,,,7:00,15:00,,,7:00,15:00,,,,,,,,,,,25/08/25,19/12/25,AGOSTO_DICIEMBRE_2025
375,LMXJ 11-15,Lunes a Jueves 11:00-15:00,11:00,15:00,,,11:00,15:00,,,11:00,15:00,,,11:00,15:00,,,,,,,,,,,,,,,25/08/25,19/12/25,AGOSTO_DICIEMBRE_2025
378,LMXJV 09-15,Lunes a Viernes 09:00-15:00,9:00,15:00,,,9:00,15:00,,,9:00,15:00,,,9:00,15:00,,,9:00,15:00,,,,,,,,,,,25/08/25,19/12/25,AGOSTO_DICIEMBRE_2025
387,XJ 09-12 | V 08-12,"Mi√©rcoles a Jueves 09:00-12:00, Viernes 08:00-12:00",,,,,,,,,9:00,12:00,,,9:00,12:00,,,8:00,12:00,,,,,,,,,,,25/08/25,19/12/25,AGOSTO_DICIEMBRE_2025
388,LV 15-18 | MXJ 15-19,"Lunes y Viernes 15:00-18:00, Martes a Jueves 15:00-19:00",15:00,18:00,,,15:00,19:00,,,15:00,19:00,,,15:00,19:00,,,15:00,18:00,,,,,,,,,,,25/08/25,19/12/25,AGOSTO_DICIEMBRE_2025
390,L 11-14 | MXJV 10-14,"Lunes 11:00-14:00, Martes a Viernes 10:00-14:00",11:00,14:00,,,10:00,14:00,,,10:00,14:00,,,10:00,14:00,,,10:00,14:00,,,,,,,,,,,25/08/25,19/12/25,AGOSTO_DICIEMBRE_2025
359,LM 11-19 | XJV 10-18,"Lunes a Martes 11:00-19:00, Mi√©rcoles a Viernes 10:00-18:00",11:00,19:00,,,11:00,19:00,,,10:00,18:00,,,10:00,18:00,,,10:00,18:00,,,,,,,,,,,25/08/25,19/12/25,AGOSTO_DICIEMBRE_2025
33,LMXJV 10-18,Lunes a Viernes 10:00-18:00,10:00,18:00,,,10:00,18:00,,,10:00,18:00,,,10:00,18:00,,,10:00,18:00,,,,,,,,,,,25/08/25,19/12/25,AGOSTO_DICIEMBRE_2025
45,LMXJV 07-15,Lunes a Viernes 07:00-15:00,7:00,15:00,,,7:00,15:00,,,7:00,15:00,,,7:00,15:00,,,7:00,15:00,,,,,,,,,,,25/08/25,19/12/25,AGOSTO_DICIEMBRE_2025
39,L 11-19 | MXJV 12-19,"Lunes 11:00-19:00, Martes a Viernes 12:00-19:00",11:00,19:00,,,12:00,19:00,,,12:00,19:00,,,12:00,19:00,,,12:00,19:00,,,,,,,,,,,25/08/25,19/12/25,AGOSTO_DICIEMBRE_2025
23,LMXJV 08-16,Lunes a Viernes 08:00-16:00,8:00,16:00,,,8:00,16:00,,,8:00,16:00,,,8:00,16:00,,,8:00,16:00,,,,,,,,,,,25/08/25,19/12/25,AGOSTO_DICIEMBRE_2025
107,LMXJV 07-15,Lunes a Viernes 07:00-15:00,7:00,15:00,,,7:00,15:00,,,7:00,15:00,,,7:00,15:00,,,7:00,15:00,,,,,,,,,,,25/08/25,19/12/25,AGOSTO_DICIEMBRE_2025
382,LMXJV 09-17,Lunes a Viernes 09:00-17:00,9:00,17:00,,,9:00,17:00,,,9:00,17:00,,,9:00,17:00,,,9:00,17:00,,,,,,,,,,,25/08/25,19/12/25,AGOSTO_DICIEMBRE_2025
123,LMXJV 09-17,Lunes a Viernes 09:00-17:00,9:00,17:00,,,9:00,17:00,,,9:00,17:00,,,9:00,17:00,,,9:00,17:00,,,,,,,,,,,25/08/25,19/12/25,AGOSTO_DICIEMBRE_2025
119,L 11-19 | MXJV 08-16,"Lunes 11:00-19:00, Martes a Viernes 08:00-16:00",11:00,19:00,,,8:00,16:00,,,8:00,16:00,,,8:00,16:00,,,8:00,16:00,,,,,,,,,,,25/08/25,19/12/25,AGOSTO_DICIEMBRE_2025
152,LMJV 09-16 | X 09-17,"Lunes, Martes, Jueves y Viernes 09:00-16:00, Mi√©rcoles 09:00-17:00",9:00,16:00,,,9:00,16:00,,,9:00,17:00,,,9:00,16:00,,,9:00,16:00,,,,,,,,,,,25/08/25,19/12/25,AGOSTO_DICIEMBRE_2025
139,LMXJ 09-17 | V 09-16,"Lunes a Jueves 09:00-17:00, Viernes 09:00-16:00",9:00,17:00,,,9:00,17:00,,,9:00,17:00,,,9:00,17:00,,,9:00,16:00,,,,,,,,,,,25/08/25,19/12/25,AGOSTO_DICIEMBRE_2025
58,LMXJV 08-16,Lunes a Viernes 08:00-16:00,8:00,16:00,,,8:00,16:00,,,8:00,16:00,,,8:00,16:00,,,8:00,16:00,,,,,,,,,,,25/08/25,19/12/25,AGOSTO_DICIEMBRE_2025
313,LMXJV 08-16,Lunes a Viernes 08:00-16:00,8:00,16:00,,,8:00,16:00,,,8:00,16:00,,,8:00,16:00,,,8:00,16:00,,,,,,,,,,,25/08/25,19/12/25,AGOSTO_DICIEMBRE_2025
162,LMXJV 08-16,Lunes a Viernes 08:00-16:00,8:00,16:00,,,8:00,16:00,,,8:00,16:00,,,8:00,16:00,,,8:00,16:00,,,,,,,,,,,25/08/25,19/12/25,AGOSTO_DICIEMBRE_2025
17,LMXJV 10-18,Lunes a Viernes 10:00-18:00,10:00,18:00,,,10:00,18:00,,,10:00,18:00,,,10:00,18:00,,,10:00,18:00,,,,,,,,,,,25/08/25,19/12/25,AGOSTO_DICIEMBRE_2025
228,LMXJV 10-18,Lunes a Viernes 10:00-18:00,10:00,18:00,,,10:00,18:00,,,10:00,18:00,,,10:00,18:00,,,10:00,18:00,,,,,,,,,,,25/08/25,19/12/25,AGOSTO_DICIEMBRE_2025
253,LMXJV 11-19,Lunes a Viernes 11:00-19:00,11:00,19:00,,,11:00,19:00,,,11:00,19:00,,,11:00,19:00,,,11:00,19:00,,,,,,,,,,,25/08/25,19/12/25,AGOSTO_DICIEMBRE_2025
369,LMXJV 07-15,Lunes a Viernes 07:00-15:00,7:00,15:00,,,7:00,15:00,,,7:00,15:00,,,7:00,15:00,,,7:00,15:00,,,,,,,,,,,25/08/25,19/12/25,AGOSTO_DICIEMBRE_2025
279,LMXJV 08-16,Lunes a Viernes 08:00-16:00,8:00,16:00,,,8:00,16:00,,,8:00,16:00,,,8:00,16:00,,,8:00,16:00,,,,,,,,,,,25/08/25,19/12/25,AGOSTO_DICIEMBRE_2025
106,LMXJV 09-17,Lunes a Viernes 09:00-17:00,9:00,17:00,,,9:00,17:00,,,9:00,17:00,,,9:00,17:00,,,9:00,17:00,,,,,,,,,,,25/08/25,19/12/25,AGOSTO_DICIEMBRE_2025
281,LMXJV 12-20,Lunes a Viernes 12:00-20:00,12:00,20:00,,,12:00,20:00,,,12:00,20:00,,,12:00,20:00,,,12:00,20:00,,,,,,,,,,,25/08/25,19/12/25,AGOSTO_DICIEMBRE_2025
34,LMXJV 07-15,Lunes a Viernes 07:00-15:00,7:00,15:00,,,7:00,15:00,,,7:00,15:00,,,7:00,15:00,,,7:00,15:00,,,,,,,,,,,25/08/25,19/12/25,AGOSTO_DICIEMBRE_2025
334,LMJV 08-16 | X 10-18,"Lunes, Martes, Jueves y Viernes 08:00-16:00, Mi√©rcoles 10:00-18:00",8:00,16:00,,,8:00,16:00,,,10:00,18:00,,,8:00,16:00,,,8:00,16:00,,,,,,,,,,,25/08/25,19/12/25,AGOSTO_DICIEMBRE_2025
336,LMXJ 12-20 | V 11-19,"Lunes a Jueves 12:00-20:00, Viernes 11:00-19:00",12:00,20:00,,,12:00,20:00,,,12:00,20:00,,,12:00,20:00,,,11:00,19:00,,,,,,,,,,,25/08/25,19/12/25,AGOSTO_DICIEMBRE_2025
178,L 11-19 | MX 12-19 | JV 09-16,"Lunes 11:00-19:00, Martes a Mi√©rcoles 12:00-19:00, Jueves a Viernes 09:00-16:00",11:00,19:00,,,12:00,19:00,,,12:00,19:00,,,9:00,16:00,,,9:00,16:00,,,,,,,,,,,25/08/25,19/12/25,AGOSTO_DICIEMBRE_2025
11,LMXJV 08-16,Lunes a Viernes 08:00-16:00,8:00,16:00,,,8:00,16:00,,,8:00,16:00,,,8:00,16:00,,,8:00,16:00,,,,,,,,,,,25/08/25,19/12/25,AGOSTO_DICIEMBRE_2025
59,LMXJV 11-19,Lunes a Viernes 11:00-19:00,11:00,19:00,,,11:00,19:00,,,11:00,19:00,,,11:00,19:00,,,11:00,19:00,,,,,,,,,,,25/08/25,19/12/25,AGOSTO_DICIEMBRE_2025
62,LMXJV 08-16,Lunes a Viernes 08:00-16:00,8:00,16:00,,,8:00,16:00,,,8:00,16:00,,,8:00,16:00,,,8:00,16:00,,,,,,,,,,,25/08/25,19/12/25,AGOSTO_DICIEMBRE_2025
63,LMXJV 16-20,Lunes a Viernes 16:00-20:00,16:00,20:00,,,16:00,20:00,,,16:00,20:00,,,16:00,20:00,,,16:00,20:00,,,,,,,,,,,25/08/25,19/12/25,AGOSTO_DICIEMBRE_2025
67,LMX 09-12 | J 08-12,"Lunes a Mi√©rcoles 09:00-12:00, Jueves 08:00-12:00",9:00,12:00,,,9:00,12:00,,,9:00,12:00,,,8:00,12:00,,,,,,,,,,,,,,,25/08/25,19/12/25,AGOSTO_DICIEMBRE_2025
76,L 08-16 | MV 08-15 | XJ 09-16,"Lunes 08:00-16:00, Martes y Viernes 08:00-15:00, Mi√©rcoles a Jueves 09:00-16:00",8:00,16:00,,,8:00,15:00,,,9:00,16:00,,,9:00,16:00,,,8:00,15:00,,,,,,,,,,,25/08/25,19/12/25,AGOSTO_DICIEMBRE_2025
83,L 11-19 | MXJV 12-19,"Lunes 11:00-19:00, Martes a Viernes 12:00-19:00",11:00,19:00,,,12:00,19:00,,,12:00,19:00,,,12:00,19:00,,,12:00,19:00,,,,,,,,,,,25/08/25,19/12/25,AGOSTO_DICIEMBRE_2025
98,LXJ 09-10 y 11-12 | MV 09-11,"Lunes, Mi√©rcoles y Jueves 09:00-10:00 y 11:00-12:00, Martes y Viernes 09:00-11:00",9:00,10:00,11:00,12:00,9:00,11:00,,,9:00,10:00,11:00,12:00,9:00,10:00,11:00,12:00,9:00,11:00,,,,,,,,,,,25/08/25,19/12/25,AGOSTO_DICIEMBRE_2025
129,LMXJ 15-19 | V 16-19,"Lunes a Jueves 15:00-19:00, Viernes 16:00-19:00",15:00,19:00,,,15:00,19:00,,,15:00,19:00,,,15:00,19:00,,,16:00,19:00,,,,,,,,,,,25/08/25,19/12/25,AGOSTO_DICIEMBRE_2025
155,LMXJV 09-17,Lunes a Viernes 09:00-17:00,9:00,17:00,,,9:00,17:00,,,9:00,17:00,,,9:00,17:00,,,9:00,17:00,,,,,,,,,,,25/08/25,19/12/25,AGOSTO_DICIEMBRE_2025
166,LMXJV 08-16,Lunes a Viernes 08:00-16:00,8:00,16:00,,,8:00,16:00,,,8:00,16:00,,,8:00,16:00,,,8:00,16:00,,,,,,,,,,,25/08/25,19/12/25,AGOSTO_DICIEMBRE_2025
169,LMXJV 09-17,Lunes a Viernes 09:00-17:00,9:00,17:00,,,9:00,17:00,,,9:00,17:00,,,9:00,17:00,,,9:00,17:00,,,,,,,,,,,25/08/25,19/12/25,AGOSTO_DICIEMBRE_2025
197,LMXJV 17-19,Lunes a Viernes 17:00-19:00,17:00,19:00,,,17:00,19:00,,,17:00,19:00,,,17:00,19:00,,,17:00,19:00,,,,,,,,,,,25/08/25,19/12/25,AGOSTO_DICIEMBRE_2025
206,L 10-18 | MX 11-18 | JV 09-16,"Lunes 10:00-18:00, Martes a Mi√©rcoles 11:00-18:00, Jueves a Viernes 09:00-16:00",10:00,18:00,,,11:00,18:00,,,11:00,18:00,,,9:00,16:00,,,9:00,16:00,,,,,,,,,,,25/08/25,19/12/25,AGOSTO_DICIEMBRE_2025
207,LMXJV 09-17,Lunes a Viernes 09:00-17:00,9:00,17:00,,,9:00,17:00,,,9:00,17:00,,,9:00,17:00,,,9:00,17:00,,,,,,,,,,,25/08/25,19/12/25,AGOSTO_DICIEMBRE_2025
215,LMXJV 09-17,Lunes a Viernes 09:00-17:00,9:00,17:00,,,9:00,17:00,,,9:00,17:00,,,9:00,17:00,,,9:00,17:00,,,,,,,,,,,25/08/25,19/12/25,AGOSTO_DICIEMBRE_2025
221,L 12-17 | M 11-17 | X 13-17 | J 14-18,"Lunes 12:00-17:00, Martes 11:00-17:00, Mi√©rcoles 13:00-17:00, Jueves 14:00-18:00",12:00,17:00,,,11:00,17:00,,,13:00,17:00,,,14:00,18:00,,,,,,,,,,,,,,,25/08/25,19/12/25,AGOSTO_DICIEMBRE_2025
224,LM 16-19 | X 12-18 | J 12-17 | V 12-14,"Lunes a Martes 16:00-19:00, Mi√©rcoles 12:00-18:00, Jueves 12:00-17:00, Viernes 12:00-14:00",16:00,19:00,,,16:00,19:00,,,12:00,18:00,,,12:00,17:00,,,12:00,14:00,,,,,,,,,,,25/08/25,19/12/25,AGOSTO_DICIEMBRE_2025
239,LMXJV 08-16,Lunes a Viernes 08:00-16:00,8:00,16:00,,,8:00,16:00,,,8:00,16:00,,,8:00,16:00,,,8:00,16:00,,,,,,,,,,,25/08/25,19/12/25,AGOSTO_DICIEMBRE_2025
241,L 08-16 | MXJ 09-16 | V 08-15,"Lunes 08:00-16:00, Martes a Jueves 09:00-16:00, Viernes 08:00-15:00",8:00,16:00,,,9:00,16:00,,,9:00,16:00,,,9:00,16:00,,,8:00,15:00,,,,,,,,,,,25/08/25,19/12/25,AGOSTO_DICIEMBRE_2025
254,LMX 10-18 | JV 09-17,"Lunes a Mi√©rcoles 10:00-18:00, Jueves a Viernes 09:00-17:00",10:00,18:00,,,10:00,18:00,,,10:00,18:00,,,9:00,17:00,,,9:00,17:00,,,,,,,,,,,25/08/25,19/12/25,AGOSTO_DICIEMBRE_2025
262,LMX 08-16 | J 10-18 | V 09-17,"Lunes a Mi√©rcoles 08:00-16:00, Jueves 10:00-18:00, Viernes 09:00-17:00",8:00,16:00,,,8:00,16:00,,,8:00,16:00,,,10:00,18:00,,,9:00,17:00,,,,,,,,,,,25/08/25,19/12/25,AGOSTO_DICIEMBRE_2025
268,LMXJV 07-15,Lunes a Viernes 07:00-15:00,7:00,15:00,,,7:00,15:00,,,7:00,15:00,,,7:00,15:00,,,7:00,15:00,,,,,,,,,,,25/08/25,19/12/25,AGOSTO_DICIEMBRE_2025
273,LMXJ 08-16 | V 09-17,"Lunes a Jueves 08:00-16:00, Viernes 09:00-17:00",8:00,16:00,,,8:00,16:00,,,8:00,16:00,,,8:00,16:00,,,9:00,17:00,,,,,,,,,,,25/08/25,19/12/25,AGOSTO_DICIEMBRE_2025
274,LMXJV 09-13 y 17-19,Lunes a Viernes 09:00-13:00 y 17:00-19:00,9:00,13:00,17:00,19:00,9:00,13:00,17:00,19:00,9:00,13:00,17:00,19:00,9:00,13:00,17:00,19:00,9:00,13:00,17:00,19:00,,,,,,,,,25/08/25,19/12/25,AGOSTO_DICIEMBRE_2025
280,LMXJ 09-17 | V 16-16,"Lunes a Jueves 09:00-17:00, Viernes 16:00-16:00",9:00,17:00,,,9:00,17:00,,,9:00,17:00,,,9:00,17:00,,,16:00,16:00,,,,,,,,,,,25/08/25,19/12/25,AGOSTO_DICIEMBRE_2025
309,LMV 13-20 | XJ 13-19,"Lunes, Martes y Viernes 13:00-20:00, Mi√©rcoles a Jueves 13:00-19:00",13:00,20:00,,,13:00,20:00,,,13:00,19:00,,,13:00,19:00,,,13:00,20:00,,,,,,,,,,,25/08/25,19/12/25,AGOSTO_DICIEMBRE_2025
310,LMXJV 09-13,Lunes a Viernes 09:00-13:00,9:00,13:00,,,9:00,13:00,,,9:00,13:00,,,9:00,13:00,,,9:00,13:00,,,,,,,,,,,25/08/25,19/12/25,AGOSTO_DICIEMBRE_2025
329,LXJ 09-16 | M 08-15 | V 09-17,"Lunes, Mi√©rcoles y Jueves 09:00-16:00, Martes 08:00-15:00, Viernes 09:00-17:00",9:00,16:00,,,8:00,15:00,,,9:00,16:00,,,9:00,16:00,,,9:00,17:00,,,,,,,,,,,25/08/25,19/12/25,AGOSTO_DICIEMBRE_2025
341,L 08-16 | M 08-10,"Lunes 08:00-16:00, Martes 08:00-10:00",8:00,16:00,,,8:00,10:00,,,,,,,,,,,,,,,,,,,,,,,25/08/25,19/12/25,AGOSTO_DICIEMBRE_2025
345,LMXJV 11-19,Lunes a Viernes 11:00-19:00,11:00,19:00,,,11:00,19:00,,,11:00,19:00,,,11:00,19:00,,,11:00,19:00,,,,,,,,,,,25/08/25,19/12/25,AGOSTO_DICIEMBRE_2025
370,LMXJV 09-17,Lunes a Viernes 09:00-17:00,9:00,17:00,,,9:00,17:00,,,9:00,17:00,,,9:00,17:00,,,9:00,17:00,,,,,,,,,,,25/08/25,19/12/25,AGOSTO_DICIEMBRE_2025
393,LMX 07-11 | JV 07-10,"Lunes a Mi√©rcoles 07:00-11:00, Jueves a Viernes 07:00-10:00",7:00,11:00,,,7:00,11:00,,,7:00,11:00,,,7:00,10:00,,,7:00,10:00,,,,,,,,,,,25/08/25,19/12/25,AGOSTO_DICIEMBRE_2025
406,L 12-20 | MXJ 13-20 | V 12-19,"Lunes 12:00-20:00, Martes a Jueves 13:00-20:00, Viernes 12:00-19:00",12:00,20:00,,,13:00,20:00,,,13:00,20:00,,,13:00,20:00,,,12:00,19:00,,,,,,,,,,,25/08/25,19/12/25,AGOSTO_DICIEMBRE_2025
5,LMXJV 10-18,Lunes a Viernes 10:00-18:00,10:00,18:00,,,10:00,18:00,,,10:00,18:00,,,10:00,18:00,,,10:00,18:00,,,,,,,,,,,25/08/25,19/12/25,AGOSTO_DICIEMBRE_2025
24,L 12-14 | MJ 11-14 | X 11-13,"Lunes 12:00-14:00, Martes y Jueves 11:00-14:00, Mi√©rcoles 11:00-13:00",12:00,14:00,,,11:00,14:00,,,11:00,13:00,,,11:00,14:00,,,,,,,,,,,,,,,25/08/25,19/12/25,AGOSTO_DICIEMBRE_2025
26,L 12-13 y 14-15 | MXJV 13-17,"Lunes 12:00-13:00 y 14:00-15:00, Martes a Viernes 13:00-17:00",12:00,13:00,14:00,15:00,13:00,17:00,,,13:00,17:00,,,13:00,17:00,,,13:00,17:00,,,,,,,,,,,25/08/25,19/12/25,AGOSTO_DICIEMBRE_2025
35,LMXJV 10-14,Lunes a Viernes 10:00-14:00,10:00,14:00,,,10:00,14:00,,,10:00,14:00,,,10:00,14:00,,,10:00,14:00,,,,,,,,,,,25/08/25,19/12/25,AGOSTO_DICIEMBRE_2025
61,LMX 09-15 | JV 09-14,"Lunes a Mi√©rcoles 09:00-15:00, Jueves a Viernes 09:00-14:00",9:00,15:00,,,9:00,15:00,,,9:00,15:00,,,9:00,14:00,,,9:00,14:00,,,,,,,,,,,25/08/25,19/12/25,AGOSTO_DICIEMBRE_2025
71,L 09-14 | MJ 09-13 | XV 09-12,"Lunes 09:00-14:00, Martes y Jueves 09:00-13:00, Mi√©rcoles y Viernes 09:00-12:00",9:00,14:00,,,9:00,13:00,,,9:00,12:00,,,9:00,13:00,,,9:00,12:00,,,,,,,,,,,25/08/25,19/12/25,AGOSTO_DICIEMBRE_2025
82,LMJV 08-12 | X 10-12,"Lunes, Martes, Jueves y Viernes 08:00-12:00, Mi√©rcoles 10:00-12:00",8:00,12:00,,,8:00,12:00,,,10:00,12:00,,,8:00,12:00,,,8:00,12:00,,,,,,,,,,,25/08/25,19/12/25,AGOSTO_DICIEMBRE_2025
93,L 14-17 | M 16-18 | XJ 13-18 | V 13-17,"Lunes 14:00-17:00, Martes 16:00-18:00, Mi√©rcoles a Jueves 13:00-18:00, Viernes 13:00-17:00",14:00,17:00,,,16:00,18:00,,,13:00,18:00,,,13:00,18:00,,,13:00,17:00,,,,,,,,,,,25/08/25,19/12/25,AGOSTO_DICIEMBRE_2025
101,LMXJV 10-18,Lunes a Viernes 10:00-18:00,10:00,18:00,,,10:00,18:00,,,10:00,18:00,,,10:00,18:00,,,10:00,18:00,,,,,,,,,,,25/08/25,19/12/25,AGOSTO_DICIEMBRE_2025
108,LMXJV 07-15,Lunes a Viernes 07:00-15:00,7:00,15:00,,,7:00,15:00,,,7:00,15:00,,,7:00,15:00,,,7:00,15:00,,,,,,,,,,,25/08/25,19/12/25,AGOSTO_DICIEMBRE_2025
111,LMXJV 10-18,Lunes a Viernes 10:00-18:00,10:00,18:00,,,10:00,18:00,,,10:00,18:00,,,10:00,18:00,,,10:00,18:00,,,,,,,,,,,25/08/25,19/12/25,AGOSTO_DICIEMBRE_2025
114,L 15-18 | MXJV 14-18,"Lunes 15:00-18:00, Martes a Viernes 14:00-18:00",15:00,18:00,,,14:00,18:00,,,14:00,18:00,,,14:00,18:00,,,14:00,18:00,,,,,,,,,,,25/08/25,19/12/25,AGOSTO_DICIEMBRE_2025
133,LMXJV 08-16,Lunes a Viernes 08:00-16:00,8:00,16:00,,,8:00,16:00,,,8:00,16:00,,,8:00,16:00,,,8:00,16:00,,,,,,,,,,,25/08/25,19/12/25,AGOSTO_DICIEMBRE_2025
167,L 11-15 | MXJV 14-15,"Lunes 11:00-15:00, Martes a Viernes 14:00-15:00",11:00,15:00,,,14:00,15:00,,,14:00,15:00,,,14:00,15:00,,,14:00,15:00,,,,,,,,,,,25/08/25,19/12/25,AGOSTO_DICIEMBRE_2025
177,LMXJV 08-16,Lunes a Viernes 08:00-16:00,8:00,16:00,,,8:00,16:00,,,8:00,16:00,,,8:00,16:00,,,8:00,16:00,,,,,,,,,,,25/08/25,19/12/25,AGOSTO_DICIEMBRE_2025
184,LMXJV 13-19,Lunes a Viernes 13:00-19:00,13:00,19:00,,,13:00,19:00,,,13:00,19:00,,,13:00,19:00,,,13:00,19:00,,,,,,,,,,,25/08/25,19/12/25,AGOSTO_DICIEMBRE_2025
192,LMXJV 08-16,Lunes a Viernes 08:00-16:00,8:00,16:00,,,8:00,16:00,,,8:00,16:00,,,8:00,16:00,,,8:00,16:00,,,,,,,,,,,25/08/25,19/12/25,AGOSTO_DICIEMBRE_2025
203,LMXJV 07-15,Lunes a Viernes 07:00-15:00,7:00,15:00,,,7:00,15:00,,,7:00,15:00,,,7:00,15:00,,,7:00,15:00,,,,,,,,,,,25/08/25,19/12/25,AGOSTO_DICIEMBRE_2025
223,LMXJV 10-18,Lunes a Viernes 10:00-18:00,10:00,18:00,,,10:00,18:00,,,10:00,18:00,,,10:00,18:00,,,10:00,18:00,,,,,,,,,,,25/08/25,19/12/25,AGOSTO_DICIEMBRE_2025
229,L 14-19 | MV 14-18 | XJ 14-17,"Lunes 14:00-19:00, Martes y Viernes 14:00-18:00, Mi√©rcoles a Jueves 14:00-17:00",14:00,19:00,,,14:00,18:00,,,14:00,17:00,,,14:00,17:00,,,14:00,18:00,,,,,,,,,,,25/08/25,19/12/25,AGOSTO_DICIEMBRE_2025
233,LMXJ 15-20,Lunes a Jueves 15:00-20:00,15:00,20:00,,,15:00,20:00,,,15:00,20:00,,,15:00,20:00,,,,,,,,,,,,,,,25/08/25,19/12/25,AGOSTO_DICIEMBRE_2025
260,LMX 16-20 | JV 17-20,"Lunes a Mi√©rcoles 16:00-20:00, Jueves a Viernes 17:00-20:00",16:00,20:00,,,16:00,20:00,,,16:00,20:00,,,17:00,20:00,,,17:00,20:00,,,,,,,,,,,25/08/25,19/12/25,AGOSTO_DICIEMBRE_2025
269,LMXJV 08-16,Lunes a Viernes 08:00-16:00,8:00,16:00,,,8:00,16:00,,,8:00,16:00,,,8:00,16:00,,,8:00,16:00,,,,,,,,,,,25/08/25,19/12/25,AGOSTO_DICIEMBRE_2025
278,LMXJV 11-19,Lunes a Viernes 11:00-19:00,11:00,19:00,,,11:00,19:00,,,11:00,19:00,,,11:00,19:00,,,11:00,19:00,,,,,,,,,,,25/08/25,19/12/25,AGOSTO_DICIEMBRE_2025
284,LMXJV 08-16,Lunes a Viernes 08:00-16:00,8:00,16:00,,,8:00,16:00,,,8:00,16:00,,,8:00,16:00,,,8:00,16:00,,,,,,,,,,,25/08/25,19/12/25,AGOSTO_DICIEMBRE_2025
292,LMXJV 11-19,Lunes a Viernes 11:00-19:00,11:00,19:00,,,11:00,19:00,,,11:00,19:00,,,11:00,19:00,,,11:00,19:00,,,,,,,,,,,25/08/25,19/12/25,AGOSTO_DICIEMBRE_2025
303,LMXJV 07-15,Lunes a Viernes 07:00-15:00,7:00,15:00,,,7:00,15:00,,,7:00,15:00,,,7:00,15:00,,,7:00,15:00,,,,,,,,,,,25/08/25,19/12/25,AGOSTO_DICIEMBRE_2025
316,LMXJV 09-17,Lunes a Viernes 09:00-17:00,9:00,17:00,,,9:00,17:00,,,9:00,17:00,,,9:00,17:00,,,9:00,17:00,,,,,,,,,,,25/08/25,19/12/25,AGOSTO_DICIEMBRE_2025
317,LMXJV 11-19,Lunes a Viernes 11:00-19:00,11:00,19:00,,,11:00,19:00,,,11:00,19:00,,,11:00,19:00,,,11:00,19:00,,,,,,,,,,,25/08/25,19/12/25,AGOSTO_DICIEMBRE_2025
349,L 14-18 | MXJV 15-18,"Lunes 14:00-18:00, Martes a Viernes 15:00-18:00",14:00,18:00,,,15:00,18:00,,,15:00,18:00,,,15:00,18:00,,,15:00,18:00,,,,,,,,,,,25/08/25,19/12/25,AGOSTO_DICIEMBRE_2025
354,LM 08-11 | X 08-10 y 11-12 | JV 08-12,"Lunes a Martes 08:00-11:00, Mi√©rcoles 08:00-10:00 y 11:00-12:00, Jueves a Viernes 08:00-12:00",8:00,11:00,,,8:00,11:00,,,8:00,10:00,11:00,12:00,8:00,12:00,,,8:00,12:00,,,,,,,,,,,25/08/25,19/12/25,AGOSTO_DICIEMBRE_2025
356,LMXJ 09-17 | V 08-16,"Lunes a Jueves 09:00-17:00, Viernes 08:00-16:00",9:00,17:00,,,9:00,17:00,,,9:00,17:00,,,9:00,17:00,,,8:00,16:00,,,,,,,,,,,25/08/25,19/12/25,AGOSTO_DICIEMBRE_2025
383,L 10-12 | MJV 10-13 | X 11-13,"Lunes 10:00-12:00, Martes, Jueves y Viernes 10:00-13:00, Mi√©rcoles 11:00-13:00",10:00,12:00,,,10:00,13:00,,,11:00,13:00,,,10:00,13:00,,,10:00,13:00,,,,,,,,,,,25/08/25,19/12/25,AGOSTO_DICIEMBRE_2025
384,L 07-13 | MXJV 07-10,"Lunes 07:00-13:00, Martes a Viernes 07:00-10:00",7:00,13:00,,,7:00,10:00,,,7:00,10:00,,,7:00,10:00,,,7:00,10:00,,,,,,,,,,,25/08/25,19/12/25,AGOSTO_DICIEMBRE_2025
385,L 10-14 | MXJV 11-14,"Lunes 10:00-14:00, Martes a Viernes 11:00-14:00",10:00,14:00,,,11:00,14:00,,,11:00,14:00,,,11:00,14:00,,,11:00,14:00,,,,,,,,,,,25/08/25,19/12/25,AGOSTO_DICIEMBRE_2025
394,LMXJ 17-20 | V 18-20,"Lunes a Jueves 17:00-20:00, Viernes 18:00-20:00",17:00,20:00,,,17:00,20:00,,,17:00,20:00,,,17:00,20:00,,,18:00,20:00,,,,,,,,,,,25/08/25,19/12/25,AGOSTO_DICIEMBRE_2025
6,L 09-14 | MJV 09-13,"Lunes 09:00-14:00, Martes, Jueves y Viernes 09:00-13:00",9:00,14:00,,,9:00,13:00,,,,,,,9:00,13:00,,,9:00,13:00,,,,,,,,,,,25/08/25,19/12/25,AGOSTO_DICIEMBRE_2025
7,L 09-17 | MXJ 10-17 | V 09-14,"Lunes 09:00-17:00, Martes a Jueves 10:00-17:00, Viernes 09:00-14:00",9:00,17:00,,,10:00,17:00,,,10:00,17:00,,,10:00,17:00,,,9:00,14:00,,,,,,,,,,,25/08/25,19/12/25,AGOSTO_DICIEMBRE_2025
14,LMXJV 11-15,Lunes a Viernes 11:00-15:00,11:00,15:00,,,11:00,15:00,,,11:00,15:00,,,11:00,15:00,,,11:00,15:00,,,,,,,,,,,25/08/25,19/12/25,AGOSTO_DICIEMBRE_2025
16,LMX 08-13 | J 08-12,"Lunes a Mi√©rcoles 08:00-13:00, Jueves 08:00-12:00",8:00,13:00,,,8:00,13:00,,,8:00,13:00,,,8:00,12:00,,,,,,,,,,,,,,,25/08/25,19/12/25,AGOSTO_DICIEMBRE_2025
18,LMXJV 09-17,Lunes a Viernes 09:00-17:00,9:00,17:00,,,9:00,17:00,,,9:00,17:00,,,9:00,17:00,,,9:00,17:00,,,,,,,,,,,25/08/25,19/12/25,AGOSTO_DICIEMBRE_2025
69,LMXJV 09-13,Lunes a Viernes 09:00-13:00,9:00,13:00,,,9:00,13:00,,,9:00,13:00,,,9:00,13:00,,,9:00,13:00,,,,,,,,,,,25/08/25,19/12/25,AGOSTO_DICIEMBRE_2025
70,LMXJV 09-17,Lunes a Viernes 09:00-17:00,9:00,17:00,,,9:00,17:00,,,9:00,17:00,,,9:00,17:00,,,9:00,17:00,,,,,,,,,,,25/08/25,19/12/25,AGOSTO_DICIEMBRE_2025
79,L 10-12 | MXJ 11-13 | V 09-11,"Lunes 10:00-12:00, Martes a Jueves 11:00-13:00, Viernes 09:00-11:00",10:00,12:00,,,11:00,13:00,,,11:00,13:00,,,11:00,13:00,,,9:00,11:00,,,,,,,,,,,25/08/25,19/12/25,AGOSTO_DICIEMBRE_2025
87,LMXJV 08-16,Lunes a Viernes 08:00-16:00,8:00,16:00,,,8:00,16:00,,,8:00,16:00,,,8:00,16:00,,,8:00,16:00,,,,,,,,,,,25/08/25,19/12/25,AGOSTO_DICIEMBRE_2025
92,LMX 07-09 | JV 07-08,"Lunes a Mi√©rcoles 07:00-09:00, Jueves a Viernes 07:00-08:00",7:00,9:00,,,7:00,9:00,,,7:00,9:00,,,7:00,8:00,,,7:00,8:00,,,,,,,,,,,25/08/25,19/12/25,AGOSTO_DICIEMBRE_2025
96,LMXJV 09-17,Lunes a Viernes 09:00-17:00,9:00,17:00,,,9:00,17:00,,,9:00,17:00,,,9:00,17:00,,,9:00,17:00,,,,,,,,,,,25/08/25,19/12/25,AGOSTO_DICIEMBRE_2025
100,LJ 09-10 | MV 08-13 | X 09-13,"Lunes y Jueves 09:00-10:00, Martes y Viernes 08:00-13:00, Mi√©rcoles 09:00-13:00",9:00,10:00,,,8:00,13:00,,,9:00,13:00,,,9:00,10:00,,,8:00,13:00,,,,,,,,,,,25/08/25,19/12/25,AGOSTO_DICIEMBRE_2025
105,L 07-15 | MXJV 07-14,"Lunes 07:00-15:00, Martes a Viernes 07:00-14:00",7:00,15:00,,,7:00,14:00,,,7:00,14:00,,,7:00,14:00,,,7:00,14:00,,,,,,,,,,,25/08/25,19/12/25,AGOSTO_DICIEMBRE_2025
122,LMX 15-19 | JV 15-18,"Lunes a Mi√©rcoles 15:00-19:00, Jueves a Viernes 15:00-18:00",15:00,19:00,,,15:00,19:00,,,15:00,19:00,,,15:00,18:00,,,15:00,18:00,,,,,,,,,,,25/08/25,19/12/25,AGOSTO_DICIEMBRE_2025
153,,,,,,,,,,,,,,,,,,,,,,,,,,,,,,,25/08/25,19/12/25,AGOSTO_DICIEMBRE_2025
172,L 11-19 | MXJV 12-19,"Lunes 11:00-19:00, Martes a Viernes 12:00-19:00",11:00,19:00,,,12:00,19:00,,,12:00,19:00,,,12:00,19:00,,,12:00,19:00,,,,,,,,,,,25/08/25,19/12/25,AGOSTO_DICIEMBRE_2025
186,XJ 08-10,Mi√©rcoles a Jueves 08:00-10:00,,,,,,,,,8:00,10:00,,,8:00,10:00,,,,,,,,,,,,,,,25/08/25,19/12/25,AGOSTO_DICIEMBRE_2025
193,LMXJ 07-10,Lunes a Jueves 07:00-10:00,7:00,10:00,,,7:00,10:00,,,7:00,10:00,,,7:00,10:00,,,,,,,,,,,,,,,25/08/25,19/12/25,AGOSTO_DICIEMBRE_2025
222,LM 14-21 | XJV 14-20,"Lunes a Martes 14:00-21:00, Mi√©rcoles a Viernes 14:00-20:00",14:00,21:00,,,14:00,21:00,,,14:00,20:00,,,14:00,20:00,,,14:00,20:00,,,,,,,,,,,25/08/25,19/12/25,AGOSTO_DICIEMBRE_2025
235,LMXJV 07-13,Lunes a Viernes 07:00-13:00,7:00,13:00,,,7:00,13:00,,,7:00,13:00,,,7:00,13:00,,,7:00,13:00,,,,,,,,,,,25/08/25,19/12/25,AGOSTO_DICIEMBRE_2025
250,LMXJV 10-14,Lunes a Viernes 10:00-14:00,10:00,14:00,,,10:00,14:00,,,10:00,14:00,,,10:00,14:00,,,10:00,14:00,,,,,,,,,,,25/08/25,19/12/25,AGOSTO_DICIEMBRE_2025
261,LMX 10-15 | J 11-15,"Lunes a Mi√©rcoles 10:00-15:00, Jueves 11:00-15:00",10:00,15:00,,,10:00,15:00,,,10:00,15:00,,,11:00,15:00,,,,,,,,,,,,,,,25/08/25,19/12/25,AGOSTO_DICIEMBRE_2025
277,LMXJV 08-16,Lunes a Viernes 08:00-16:00,8:00,16:00,,,8:00,16:00,,,8:00,16:00,,,8:00,16:00,,,8:00,16:00,,,,,,,,,,,25/08/25,19/12/25,AGOSTO_DICIEMBRE_2025
311,L 09-15 | MXJV 09-14,"Lunes 09:00-15:00, Martes a Viernes 09:00-14:00",9:00,15:00,,,9:00,14:00,,,9:00,14:00,,,9:00,14:00,,,9:00,14:00,,,,,,,,,,,25/08/25,19/12/25,AGOSTO_DICIEMBRE_2025
314,L 08-16 | MJV 07-15 | X 08-15,"Lunes 08:00-16:00, Martes, Jueves y Viernes 07:00-15:00, Mi√©rcoles 08:00-15:00",8:00,16:00,,,7:00,15:00,,,8:00,15:00,,,7:00,15:00,,,7:00,15:00,,,,,,,,,,,25/08/25,19/12/25,AGOSTO_DICIEMBRE_2025
350,LMXJV 09-17,Lunes a Viernes 09:00-17:00,9:00,17:00,,,9:00,17:00,,,9:00,17:00,,,9:00,17:00,,,9:00,17:00,,,,,,,,,,,25/08/25,19/12/25,AGOSTO_DICIEMBRE_2025
352,LMXJV 07-15,Lunes a Viernes 07:00-15:00,7:00,15:00,,,7:00,15:00,,,7:00,15:00,,,7:00,15:00,,,7:00,15:00,,,,,,,,,,,25/08/25,19/12/25,AGOSTO_DICIEMBRE_2025
364,LXJV 09-13 | M 10-14,"Lunes, Mi√©rcoles, Jueves y Viernes 09:00-13:00, Martes 10:00-14:00",09:000,13:00,,,10:00,14:00,,,9:00,13:00,,,9:00,13:00,,,9:00,13:00,,,,,,,,,,,25/08/25,19/12/25,AGOSTO_DICIEMBRE_2025
371,LMXJV 08-16,Lunes a Viernes 08:00-16:00,8:00,16:00,,,8:00,16:00,,,8:00,16:00,,,8:00,16:00,,,8:00,16:00,,,,,,,,,,,25/08/25,19/12/25,AGOSTO_DICIEMBRE_2025
376,LMXJ 07-11,Lunes a Jueves 07:00-11:00,7:00,11:00,,,7:00,11:00,,,7:00,11:00,,,7:00,11:00,,,,,,,,,,,,,,,25/08/25,19/12/25,AGOSTO_DICIEMBRE_2025
236,LMXJV 08-16,Lunes a Viernes 08:00-16:00,8:00,16:00,,,8:00,16:00,,,8:00,16:00,,,8:00,16:00,,,8:00,16:00,,,,,,,,,,,25/08/25,19/12/25,AGOSTO_DICIEMBRE_2025
379,LMJV 10-14 | X 09-13,"Lunes, Martes, Jueves y Viernes 10:00-14:00, Mi√©rcoles 09:00-13:00",10:00,14:00,,,10:00,14:00,,,9:00,13:00,,,10:00,14:00,,,10:00,14:00,,,,,,,,,,,25/08/25,19/12/25,AGOSTO_DICIEMBRE_2025
412,LXJ 07-10 | M 07-09 | V 08-12,"Lunes, Mi√©rcoles y Jueves 07:00-10:00, Martes 07:00-09:00, Viernes 08:00-12:00",7:00,10:00,,,7:00,9:00,,,7:00,10:00,,,7:00,10:00,,,8:00,12:00,,,,,,,,,,,25/08/25,19/12/25,AGOSTO_DICIEMBRE_2025
394,LMXJ 17-20 | V 18-20,"Lunes a Jueves 17:00-20:00, Viernes 18:00-20:00",17:00,20:00,,,17:00,20:00,,,17:00,20:00,,,17:00,20:00,,,18:00,20:00,,,,,,,,,,,25/08/25,19/12/25,AGOSTO_DICIEMBRE_2025